source_id,unfinished_work,acceptance_boundary,capability,split_assessment,overlap_assessment,historical_evidence,active_dependencies,reference_notes
CD01,Deferred RE11 durability protocol remains explicitly retained; cross-process run resume is unfinished.,"Close the recorded gap and pass the frozen scope's stated implementation, correctness, performance, or evidence gate.",run,One independent boundary; Build/Run support is a dependency.,No duplicate boundary found; related items are prerequisites or adjacent evidence.,"Preserve frozen notes/reviews/evidence on predecessor; IDs: HI82,RE11,RE15,RE23,RE25,docs/planning/active/reusable-build-campaign/RE11.md.",Frozen dependencies: none recorded.,Rewrite forward references (1); preserve historical references (6) on predecessor.
CO02,"Patch-test regressions have partial lineage fixes, but CO02 still owns unresolved cleanup including the HI104 nested-runtime failure.","Close the recorded gap and pass the frozen scope's stated implementation, correctness, performance, or evidence gate.",patching,One independent boundary; Build/Run support is a dependency.,No duplicate boundary found; related items are prerequisites or adjacent evidence.,"Preserve frozen notes/reviews/evidence on predecessor; IDs: CO01,HI134,HI85,RD73,VA25.",Frozen dependencies: none recorded.,Rewrite forward references (2); preserve historical references (5) on predecessor.
DO01,"Reference cleanup has landed incrementally, but the frozen item remains in progress without evidence that its full classification/relocation boundary is accepted.","Close the recorded gap and pass the frozen scope's stated implementation, correctness, performance, or evidence gate.",run,One independent boundary; Build/Run support is a dependency.,No duplicate boundary found; related items are prerequisites or adjacent evidence.,"Preserve frozen notes/reviews/evidence on predecessor; IDs: HI36,PA18.",Frozen dependencies: none recorded.,Rewrite forward references (2); preserve historical references (2) on predecessor.
DR01,"The environment mechanism exists, but the source explicitly leaves the mechanical multi-file prose/path migration undone.","Close the recorded gap and pass the frozen scope's stated implementation, correctness, performance, or evidence gate.",run,One independent boundary; Build/Run support is a dependency.,No duplicate boundary found; related items are prerequisites or adjacent evidence.,Preserve frozen notes/reviews/evidence on predecessor; IDs: none extracted.,Frozen dependencies: none recorded.,Rewrite forward references (1); preserve historical references (0) on predecessor.
EC14,The Vulkan MoE ubatch boundary sweep and resulting campaign/recommendation disposition are still unevaluated.,"Close the recorded gap and pass the frozen scope's stated implementation, correctness, performance, or evidence gate.",patching,One independent boundary; Build/Run support is a dependency.,No duplicate boundary found; related items are prerequisites or adjacent evidence.,"Preserve frozen notes/reviews/evidence on predecessor; IDs: EC01,EC03.",Frozen dependencies: none recorded.,Rewrite forward references (1); preserve historical references (2) on predecessor.
EC18,Telemetry to TriggerEvidence wiring and INVALID reporting remain open.,"Close the recorded gap and pass the frozen scope's stated implementation, correctness, performance, or evidence gate.",patching,One independent boundary; Build/Run support is a dependency.,No duplicate boundary found; related items are prerequisites or adjacent evidence.,"Preserve frozen notes/reviews/evidence on predecessor; IDs: EC06,EC07,EC09.",Frozen dependencies: none recorded.,Rewrite forward references (1); preserve historical references (3) on predecessor.
EX02,Containment exists; root-cause proof and quarantine-removal gate remain.,"Close the recorded gap and pass the frozen scope's stated implementation, correctness, performance, or evidence gate.",patching,One independent boundary; Build/Run support is a dependency.,No duplicate boundary found; related items are prerequisites or adjacent evidence.,"Preserve frozen notes/reviews/evidence on predecessor; IDs: EX01,HI48,HI54,HI71.",Frozen dependencies: none recorded.,Rewrite forward references (1); preserve historical references (4) on predecessor.
EX03,Containment is done; candidate-level fault identity and root cause remain open.,"Close the recorded gap and pass the frozen scope's stated implementation, correctness, performance, or evidence gate.",patching,One independent boundary; Build/Run support is a dependency.,No duplicate boundary found; related items are prerequisites or adjacent evidence.,Preserve frozen notes/reviews/evidence on predecessor; IDs: HI60.,Frozen dependencies: none recorded.,Rewrite forward references (1); preserve historical references (1) on predecessor.
GP09,"RCCL 2.27.7, hierarchical bridge, and pinned-host fallback candidates still require real-hardware disposition against META.","Close the recorded gap and pass the frozen scope's stated implementation, correctness, performance, or evidence gate.",patching,One independent boundary; Build/Run support is a dependency.,No duplicate boundary found; related items are prerequisites or adjacent evidence.,"Preserve frozen notes/reviews/evidence on predecessor; IDs: GP01,GP02,GP06,GP07,GP08,GP10,HI138.","Frozen dependencies: GP01,GP02,GP06,GP10.",Rewrite forward references (1); preserve historical references (7) on predecessor.
GP11,"N-way AllReduce landed; soak, topology, size qualification, and production disposition remain.","Close the recorded gap and pass the frozen scope's stated implementation, correctness, performance, or evidence gate.",patching,One independent boundary; Build/Run support is a dependency.,No duplicate boundary found; related items are prerequisites or adjacent evidence.,"Preserve frozen notes/reviews/evidence on predecessor; IDs: GP01,GP02,GP03,GP04,GP05,GP06,GP08,GP10+1.","Frozen dependencies: GP01,GP03,GP09,GP10.",Rewrite forward references (6); preserve historical references (9) on predecessor.
GP12,"The naive tensor override produced a negative result, but the source explicitly leaves split-mode discrimination and possible graph-builder work open.","Close the recorded gap and pass the frozen scope's stated implementation, correctness, performance, or evidence gate.",run,One independent boundary; Build/Run support is a dependency.,No duplicate boundary found; related items are prerequisites or adjacent evidence.,Preserve frozen notes/reviews/evidence on predecessor; IDs: GP03.,Frozen dependencies: none recorded.,Rewrite forward references (2); preserve historical references (1) on predecessor.
GP13,Diagnostic kernel works; production disposition and newer-v7 validation remain.,"Close the recorded gap and pass the frozen scope's stated implementation, correctness, performance, or evidence gate.",patching,One independent boundary; Build/Run support is a dependency.,No duplicate boundary found; related items are prerequisites or adjacent evidence.,Preserve frozen notes/reviews/evidence on predecessor; IDs: none extracted.,Frozen dependencies: none recorded.,Rewrite forward references (2); preserve historical references (0) on predecessor.
HI102,Gate infrastructure landed; real evidence pass and CLI apply wiring remain.,"Close the recorded gap and pass the frozen scope's stated implementation, correctness, performance, or evidence gate.",patching,One independent boundary; Build/Run support is a dependency.,No duplicate boundary found; related items are prerequisites or adjacent evidence.,"Preserve frozen notes/reviews/evidence on predecessor; IDs: HI83,PA08,PA09,RD08.",Frozen dependencies: none recorded.,Rewrite forward references (1); preserve historical references (4) on predecessor.
HI104,Nested C++ writer correction never landed; schema and live-HIP validation remain.,"Close the recorded gap and pass the frozen scope's stated implementation, correctness, performance, or evidence gate.",tuning,One independent boundary; Build/Run support is a dependency.,No duplicate boundary found; related items are prerequisites or adjacent evidence.,Preserve frozen notes/reviews/evidence on predecessor; IDs: HI97.,Frozen dependencies: none recorded.,Rewrite forward references (1); preserve historical references (1) on predecessor.
HI119,Harness exists; schema-2 real-hardware rebuild and evidence remain.,"Close the recorded gap and pass the frozen scope's stated implementation, correctness, performance, or evidence gate.",tuning,One independent boundary; Build/Run support is a dependency.,No duplicate boundary found; related items are prerequisites or adjacent evidence.,"Preserve frozen notes/reviews/evidence on predecessor; IDs: HI105,HI108,HI118,HI80,HI83.","Frozen dependencies: HI105,HI108,HI118,HI80.",Rewrite forward references (1); preserve historical references (5) on predecessor.
HI120,Explicit signature coverage for RD12 dst_gate and RD17 x_scale_channel_dst remains follow-up work while those candidate paths remain active.,"Close the recorded gap and pass the frozen scope's stated implementation, correctness, performance, or evidence gate.",tuning,One independent boundary; Build/Run support is a dependency.,No duplicate boundary found; related items are prerequisites or adjacent evidence.,Preserve frozen notes/reviews/evidence on predecessor; IDs: HI118.,Frozen dependencies: none recorded.,Rewrite forward references (4); preserve historical references (1) on predecessor.
HI125,Verifier gate is complete but live production workflow validation remains open.,"Close the recorded gap and pass the frozen scope's stated implementation, correctness, performance, or evidence gate.",tuning,One independent boundary; Build/Run support is a dependency.,No duplicate boundary found; related items are prerequisites or adjacent evidence.,"Preserve frozen notes/reviews/evidence on predecessor; IDs: HI121,HI124,HI126,HI127,HI129,HI136.",Frozen dependencies: none recorded.,Rewrite forward references (1); preserve historical references (6) on predecessor.
HI130,Frozen HI130 explicitly says the seven-stage tune-campaign implementation is not yet done; HI131 fixes one replay bug but does not complete the orchestrator acceptance boundary.,"Close the recorded gap and pass the frozen scope's stated implementation, correctness, performance, or evidence gate.",tuning,One independent boundary; Build/Run support is a dependency.,No duplicate boundary found; related items are prerequisites or adjacent evidence.,"Preserve frozen notes/reviews/evidence on predecessor; IDs: HI136,HI141,HI80.",Frozen dependencies: none recorded.,Rewrite forward references (3); preserve historical references (3) on predecessor.
HI131,Cross-revision retention and delta-retune remain explicitly open.,"Close the recorded gap and pass the frozen scope's stated implementation, correctness, performance, or evidence gate.",tuning,One independent boundary; Build/Run support is a dependency.,No duplicate boundary found; related items are prerequisites or adjacent evidence.,"Preserve frozen notes/reviews/evidence on predecessor; IDs: HI121,HI127,HI128,HI129,PA13,PA16.",Frozen dependencies: none recorded.,Rewrite forward references (6); preserve historical references (6) on predecessor.
HI132,Implementation and real dual-GPU E2E succeeded; notes say no code changes are needed.,Closed/deprecated boundary; retain predecessor history; no successor.,run,No second boundary; frozen scope is closed or deprecated.,No duplicate boundary found; related items are prerequisites or adjacent evidence.,Preserve frozen notes/reviews/evidence on predecessor; IDs: none extracted.,Frozen dependencies: none recorded.,Rewrite forward references (3); preserve historical references (0) on predecessor.
HI133,"Perf availability was unblocked, but perf.py integration and real-target CPU call-graph validation are explicitly not done.","Close the recorded gap and pass the frozen scope's stated implementation, correctness, performance, or evidence gate.",run,One independent boundary; Build/Run support is a dependency.,No duplicate boundary found; related items are prerequisites or adjacent evidence.,Preserve frozen notes/reviews/evidence on predecessor; IDs: none extracted.,Frozen dependencies: none recorded.,Rewrite forward references (3); preserve historical references (0) on predecessor.
HI137,Heterogeneous RCCL dispatch root-cause and fix-or-no-fix investigation remains unperformed.,"Close the recorded gap and pass the frozen scope's stated implementation, correctness, performance, or evidence gate.",patching,One independent boundary; Build/Run support is a dependency.,No duplicate boundary found; related items are prerequisites or adjacent evidence.,"Preserve frozen notes/reviews/evidence on predecessor; IDs: HI134,HI85,HI88.","Frozen dependencies: HI134,HI85,HI86,HI88.",Rewrite forward references (2); preserve historical references (3) on predecessor.
HI14,Offline validator is done; real capture lifecycle and hardware evidence remain.,"Close the recorded gap and pass the frozen scope's stated implementation, correctness, performance, or evidence gate.",run,One independent boundary; Build/Run support is a dependency.,No duplicate boundary found; related items are prerequisites or adjacent evidence.,"Preserve frozen notes/reviews/evidence on predecessor; IDs: HI18,HI59,HI64,HI67,PH01,RE15.",Frozen dependencies: none recorded.,Rewrite forward references (2); preserve historical references (6) on predecessor.
HI142,Partial RCCL passes; RQ09/P2.6/P2.7 and production-admission gates remain.,"Close the recorded gap and pass the frozen scope's stated implementation, correctness, performance, or evidence gate.",tuning,One independent boundary; Build/Run support is a dependency.,No duplicate boundary found; related items are prerequisites or adjacent evidence.,"Preserve frozen notes/reviews/evidence on predecessor; IDs: HI138,HI18,HI85.",Frozen dependencies: HI140.,Rewrite forward references (3); preserve historical references (3) on predecessor.
HI143,Fresh real E2E proves allow/block behavior; core mechanism needs no further validation.,Closed/deprecated boundary; retain predecessor history; no successor.,tuning,No second boundary; frozen scope is closed or deprecated.,No duplicate boundary found; related items are prerequisites or adjacent evidence.,"Preserve frozen notes/reviews/evidence on predecessor; IDs: HI136,HI141,HI67.",Frozen dependencies: none recorded.,Rewrite forward references (1); preserve historical references (3) on predecessor.
HI144,"The hypothesis was narrowed, but the four-way discriminator and phase-tagged dispatch instrumentation remain unexecuted.","Close the recorded gap and pass the frozen scope's stated implementation, correctness, performance, or evidence gate.",tuning,One independent boundary; Build/Run support is a dependency.,No duplicate boundary found; related items are prerequisites or adjacent evidence.,"Preserve frozen notes/reviews/evidence on predecessor; IDs: HI136,HI141.",Frozen dependencies: none recorded.,Rewrite forward references (2); preserve historical references (2) on predecessor.
HI145,Design-only deliverable settled; implementation was delegated to HI146/HI147/HI148.,Closed/deprecated boundary; retain predecessor history; no successor.,patching,No second boundary; frozen scope is closed or deprecated.,No duplicate boundary found; related items are prerequisites or adjacent evidence.,"Preserve frozen notes/reviews/evidence on predecessor; IDs: HI138,HI85,docs/planning/completed/hip-collectives/HI85.md.",Frozen dependencies: none recorded.,Rewrite forward references (6); preserve historical references (3) on predecessor.
HI146,"Topology gate implementation, tests, and Brutus validation remain.","Close the recorded gap and pass the frozen scope's stated implementation, correctness, performance, or evidence gate.",patching,One independent boundary; Build/Run support is a dependency.,No duplicate boundary found; related items are prerequisites or adjacent evidence.,Preserve frozen notes/reviews/evidence on predecessor; IDs: none extracted.,"Frozen dependencies: HI142,HI145.",Rewrite forward references (3); preserve historical references (0) on predecessor.
HI147,"Implementation, tests, and hardware validation have not started.","Close the recorded gap and pass the frozen scope's stated implementation, correctness, performance, or evidence gate.",patching,One independent boundary; Build/Run support is a dependency.,No duplicate boundary found; related items are prerequisites or adjacent evidence.,Preserve frozen notes/reviews/evidence on predecessor; IDs: HI85.,"Frozen dependencies: HI142,HI145,HI146.",Rewrite forward references (4); preserve historical references (1) on predecessor.
HI148,Production promotion remains dependent on still-open HI146/HI147 validation gates.,"Close the recorded gap and pass the frozen scope's stated implementation, correctness, performance, or evidence gate.",patching,One independent boundary; Build/Run support is a dependency.,No duplicate boundary found; related items are prerequisites or adjacent evidence.,Preserve frozen notes/reviews/evidence on predecessor; IDs: none extracted.,Frozen dependencies: none recorded.,Rewrite forward references (5); preserve historical references (0) on predecessor.
HI149,The original RD13-regression theory was corrected to a stale-test assumption; fixing or deleting that mutable-tree test remains outstanding.,"Close the recorded gap and pass the frozen scope's stated implementation, correctness, performance, or evidence gate.",patching,One independent boundary; Build/Run support is a dependency.,No duplicate boundary found; related items are prerequisites or adjacent evidence.,Preserve frozen notes/reviews/evidence on predecessor; IDs: none extracted.,Frozen dependencies: none recorded.,Rewrite forward references (2); preserve historical references (0) on predecessor.
HI150,"The design deliverable is explicitly complete and converged; implementation ownership was split to HI151, HI152, and HI153.",Closed/deprecated boundary; retain predecessor history; no successor.,build,No second boundary; frozen scope is closed or deprecated.,No duplicate boundary found; related items are prerequisites or adjacent evidence.,"Preserve frozen notes/reviews/evidence on predecessor; IDs: HI151,HI152.","Frozen dependencies: HI151,HI152,HI153.",Rewrite forward references (6); preserve historical references (2) on predecessor.
HI153,Live pin-bump works; synthetic STOP/resume E2E regression remains unwritten.,"Close the recorded gap and pass the frozen scope's stated implementation, correctness, performance, or evidence gate.",build,One independent boundary; Build/Run support is a dependency.,No duplicate boundary found; related items are prerequisites or adjacent evidence.,"Preserve frozen notes/reviews/evidence on predecessor; IDs: HI151,HI152,RD20.","Frozen dependencies: HI150,HI151,HI152.",Rewrite forward references (3); preserve historical references (3) on predecessor.
HI154,Scoped investigation explicitly closed; residual scalability work is a follow-up.,Closed/deprecated boundary; retain predecessor history; no successor.,patching,No second boundary; frozen scope is closed or deprecated.,No duplicate boundary found; related items are prerequisites or adjacent evidence.,"Preserve frozen notes/reviews/evidence on predecessor; IDs: RD14,RD16,RD20,RD69,RD97.",Frozen dependencies: none recorded.,Rewrite forward references (10); preserve historical references (5) on predecessor.
HI158,Lazy-native-select optimization remains planned and unimplemented.,"Close the recorded gap and pass the frozen scope's stated implementation, correctness, performance, or evidence gate.",tuning,One independent boundary; Build/Run support is a dependency.,No duplicate boundary found; related items are prerequisites or adjacent evidence.,Preserve frozen notes/reviews/evidence on predecessor; IDs: HI87.,Frozen dependencies: none recorded.,Rewrite forward references (1); preserve historical references (1) on predecessor.
HI159,"Diagnostic atomic-removal changes landed, but the frozen item still specifies audit/compile-out/measurement validation and contains no completed acceptance record.","Close the recorded gap and pass the frozen scope's stated implementation, correctness, performance, or evidence gate.",tuning,One independent boundary; Build/Run support is a dependency.,No duplicate boundary found; related items are prerequisites or adjacent evidence.,Preserve frozen notes/reviews/evidence on predecessor; IDs: none extracted.,Frozen dependencies: none recorded.,Rewrite forward references (1); preserve historical references (0) on predecessor.
HI160,"The source records the required replay instrumentation, but final_tuned_launches/per-winner/fallback-after-exact evidence is not implemented or validated.","Close the recorded gap and pass the frozen scope's stated implementation, correctness, performance, or evidence gate.",tuning,One independent boundary; Build/Run support is a dependency.,No duplicate boundary found; related items are prerequisites or adjacent evidence.,Preserve frozen notes/reviews/evidence on predecessor; IDs: none extracted.,Frozen dependencies: none recorded.,Rewrite forward references (3); preserve historical references (0) on predecessor.
HI161,Brutus reproduction confirmed standalone AUTO winners diverge from production; root-cause and harness correction remain owned here.,"Close the recorded gap and pass the frozen scope's stated implementation, correctness, performance, or evidence gate.",tuning,One independent boundary; Build/Run support is a dependency.,No duplicate boundary found; related items are prerequisites or adjacent evidence.,Preserve frozen notes/reviews/evidence on predecessor; IDs: none extracted.,Frozen dependencies: none recorded.,Rewrite forward references (2); preserve historical references (0) on predecessor.
HI163,Frozen HI163 explicitly records that the fixed-source retest did not shrink the replay host-side gap and says the real cause remains open; it is not terminal despite the independent terminal suggestion.,"Close the recorded gap and pass the frozen scope's stated implementation, correctness, performance, or evidence gate.",tuning,One independent boundary; Build/Run support is a dependency.,No duplicate boundary found; related items are prerequisites or adjacent evidence.,"Preserve frozen notes/reviews/evidence on predecessor; IDs: HI64.",Frozen dependencies: none recorded.,Rewrite forward references (6); preserve historical references (1) on predecessor.
HI164,Typed op_variant_id cleanup plus helper/test refactoring remains explicit post-HI163 work.,"Close the recorded gap and pass the frozen scope's stated implementation, correctness, performance, or evidence gate.",tuning,One independent boundary; Build/Run support is a dependency.,No duplicate boundary found; related items are prerequisites or adjacent evidence.,Preserve frozen notes/reviews/evidence on predecessor; IDs: none extracted.,Frozen dependencies: none recorded.,Rewrite forward references (7); preserve historical references (0) on predecessor.
HI165,Testing-state build/A-B/recovery/promotion lifecycle support and tests remain unimplemented.,"Close the recorded gap and pass the frozen scope's stated implementation, correctness, performance, or evidence gate.",run,One independent boundary; Build/Run support is a dependency.,No duplicate boundary found; related items are prerequisites or adjacent evidence.,Preserve frozen notes/reviews/evidence on predecessor; IDs: none extracted.,Frozen dependencies: none recorded.,Rewrite forward references (3); preserve historical references (0) on predecessor.
HI166,Implementation and real-hardware acceptance complete; patch-state transition delegated to HI171.,Closed/deprecated boundary; retain predecessor history; no successor.,run,No second boundary; frozen scope is closed or deprecated.,No duplicate boundary found; related items are prerequisites or adjacent evidence.,"Preserve frozen notes/reviews/evidence on predecessor; IDs: HI141,HI167.",Frozen dependencies: none recorded.,Rewrite forward references (3); preserve historical references (2) on predecessor.
HI168,Runtime/parity qualification and hardware matrix remain.,"Close the recorded gap and pass the frozen scope's stated implementation, correctness, performance, or evidence gate.",run,One independent boundary; Build/Run support is a dependency.,No duplicate boundary found; related items are prerequisites or adjacent evidence.,"Preserve frozen notes/reviews/evidence on predecessor; IDs: HI134,HI141,HI162,HI167,HI85,HI87,RD73.","Frozen dependencies: HI169.",Rewrite forward references (25); preserve historical references (7) on predecessor.
HI169,Coverage-tolerant single-GPU tune application is still retained as a future experiment with no terminal disposition.,"Close the recorded gap and pass the frozen scope's stated implementation, correctness, performance, or evidence gate.",run,One independent boundary; Build/Run support is a dependency.,No duplicate boundary found; related items are prerequisites or adjacent evidence.,Preserve frozen notes/reviews/evidence on predecessor; IDs: none extracted.,Frozen dependencies: HI168.,Rewrite forward references (2); preserve historical references (0) on predecessor.
HI170,"Runtime matrix, preflight, quiescence, and TOCTOU implementation have not started.","Close the recorded gap and pass the frozen scope's stated implementation, correctness, performance, or evidence gate.",run,One independent boundary; Build/Run support is a dependency.,No duplicate boundary found; related items are prerequisites or adjacent evidence.,"Preserve frozen notes/reviews/evidence on predecessor; IDs: EC03,VA22.",Frozen dependencies: none recorded.,Rewrite forward references (2); preserve historical references (2) on predecessor.
HI171,"Multi-session DoD still requires cache refresh, audits, performance matrix, and MTP equivalence.","Close the recorded gap and pass the frozen scope's stated implementation, correctness, performance, or evidence gate.",tuning,One independent boundary; Build/Run support is a dependency.,No duplicate boundary found; related items are prerequisites or adjacent evidence.,"Preserve frozen notes/reviews/evidence on predecessor; IDs: CO01,HI141,HI67,HTR01,VA22.",Frozen dependencies: none recorded.,Rewrite forward references (14); preserve historical references (5) on predecessor.
HI172,"Two-GPU evidence narrows the issue, but the GPU0/27B production-path mismatch and follow-up experiments remain unresolved.","Close the recorded gap and pass the frozen scope's stated implementation, correctness, performance, or evidence gate.",tuning,One independent boundary; Build/Run support is a dependency.,No duplicate boundary found; related items are prerequisites or adjacent evidence.,"Preserve frozen notes/reviews/evidence on predecessor; IDs: HI141,HI17,VA22.",Frozen dependencies: none recorded.,Rewrite forward references (9); preserve historical references (3) on predecessor.
HI173,"BLAS-family search, implementation, promotion, and hipBLASLt follow-on remain.","Close the recorded gap and pass the frozen scope's stated implementation, correctness, performance, or evidence gate.",tuning,One independent boundary; Build/Run support is a dependency.,No duplicate boundary found; related items are prerequisites or adjacent evidence.,"Preserve frozen notes/reviews/evidence on predecessor; IDs: HI17,HI67,HTR01,RD73,RD87,docs/planning/completed/rdna-boost-experiments/RD87.md.",Frozen dependencies: none recorded.,Rewrite forward references (5); preserve historical references (6) on predecessor.
HI174,Non-matmul dispatch acceptance checklist remains unstarted.,"Close the recorded gap and pass the frozen scope's stated implementation, correctness, performance, or evidence gate.",tuning,One independent boundary; Build/Run support is a dependency.,No duplicate boundary found; related items are prerequisites or adjacent evidence.,"Preserve frozen notes/reviews/evidence on predecessor; IDs: HI17,HI67,HTR01,RD73.","Frozen dependencies: HI17,HI25.",Rewrite forward references (8); preserve historical references (4) on predecessor.
HI175,RoPE candidate search is explicitly not started and is blocked on HI174 proving the non-matmul dispatch/candidate pattern.,"Close the recorded gap and pass the frozen scope's stated implementation, correctness, performance, or evidence gate.",tuning,One independent boundary; Build/Run support is a dependency.,No duplicate boundary found; related items are prerequisites or adjacent evidence.,"Preserve frozen notes/reviews/evidence on predecessor; IDs: HI67,HTR01.",Frozen dependencies: HI174.,Rewrite forward references (9); preserve historical references (2) on predecessor.
HI176,rmsnorm/norm candidate search is explicitly not started and blocked on HI174.,"Close the recorded gap and pass the frozen scope's stated implementation, correctness, performance, or evidence gate.",tuning,One independent boundary; Build/Run support is a dependency.,No duplicate boundary found; related items are prerequisites or adjacent evidence.,"Preserve frozen notes/reviews/evidence on predecessor; IDs: HI67,HTR01.","Frozen dependencies: HI174,HI175,HI177,HI178,HI179.",Rewrite forward references (7); preserve historical references (2) on predecessor.
HI177,Flash-attention candidate search is explicitly not started and blocked on HI174 plus a simpler pilot-op cycle.,"Close the recorded gap and pass the frozen scope's stated implementation, correctness, performance, or evidence gate.",tuning,One independent boundary; Build/Run support is a dependency.,No duplicate boundary found; related items are prerequisites or adjacent evidence.,Preserve frozen notes/reviews/evidence on predecessor; IDs: none extracted.,"Frozen dependencies: HI174,HI175,HI176,HI178,HI179.",Rewrite forward references (6); preserve historical references (0) on predecessor.
HI178,Quantize/dequantize candidate search is explicitly not started; HI174 and the overlap check with HI173 remain prerequisites.,"Close the recorded gap and pass the frozen scope's stated implementation, correctness, performance, or evidence gate.",tuning,One independent boundary; Build/Run support is a dependency.,No duplicate boundary found; related items are prerequisites or adjacent evidence.,Preserve frozen notes/reviews/evidence on predecessor; IDs: HI17.,"Frozen dependencies: HI174,HI175,HI176,HI177,HI179.",Rewrite forward references (7); preserve historical references (1) on predecessor.
HI179,Softmax/GLU candidate search is explicitly not started and blocked on HI174.,"Close the recorded gap and pass the frozen scope's stated implementation, correctness, performance, or evidence gate.",tuning,One independent boundary; Build/Run support is a dependency.,No duplicate boundary found; related items are prerequisites or adjacent evidence.,Preserve frozen notes/reviews/evidence on predecessor; IDs: HI17.,"Frozen dependencies: HI174,HI175,HI176,HI177,HI178.",Rewrite forward references (6); preserve historical references (1) on predecessor.
HI25,Readiness foundation exists; future custom-kernel stages remain unimplemented.,"Close the recorded gap and pass the frozen scope's stated implementation, correctness, performance, or evidence gate.",tuning,One independent boundary; Build/Run support is a dependency.,No duplicate boundary found; related items are prerequisites or adjacent evidence.,"Preserve frozen notes/reviews/evidence on predecessor; IDs: HI04,HI12,HI17.",Frozen dependencies: HI04.,Rewrite forward references (1); preserve historical references (3) on predecessor.
HI26,RD89 reconciliation explicitly retains HI26 as a real internally designed kernel candidate; implementation/qualification remains outstanding.,"Close the recorded gap and pass the frozen scope's stated implementation, correctness, performance, or evidence gate.",tuning,One independent boundary; Build/Run support is a dependency.,No duplicate boundary found; related items are prerequisites or adjacent evidence.,Preserve frozen notes/reviews/evidence on predecessor; IDs: HI30.,Frozen dependencies: none recorded.,Rewrite forward references (2); preserve historical references (1) on predecessor.
HI31,Offline integration is done; real HIP tuned-to-promoted-to-replay-to-dispatch validation remains.,"Close the recorded gap and pass the frozen scope's stated implementation, correctness, performance, or evidence gate.",tuning,One independent boundary; Build/Run support is a dependency.,No duplicate boundary found; related items are prerequisites or adjacent evidence.,"Preserve frozen notes/reviews/evidence on predecessor; IDs: HI27,HI28,HI29,HI30,HI67,HI74,HI80,PH01.","Frozen dependencies: HI27,HI28,HI30.",Rewrite forward references (1); preserve historical references (8) on predecessor.
HI35,"Tooling landed; profiling, re-baseline, and documentation gates remain.","Close the recorded gap and pass the frozen scope's stated implementation, correctness, performance, or evidence gate.",tuning,One independent boundary; Build/Run support is a dependency.,No duplicate boundary found; related items are prerequisites or adjacent evidence.,"Preserve frozen notes/reviews/evidence on predecessor; IDs: HI09,HI12,HI23,HI24,HI34,HI65,HI74,PH01.",Frozen dependencies: HI12.,Rewrite forward references (4); preserve historical references (8) on predecessor.
HI75,"Generalized digest, lookup, coverage, holdout, and alignment work remains.","Close the recorded gap and pass the frozen scope's stated implementation, correctness, performance, or evidence gate.",tuning,One independent boundary; Build/Run support is a dependency.,No duplicate boundary found; related items are prerequisites or adjacent evidence.,"Preserve frozen notes/reviews/evidence on predecessor; IDs: HI36,HI37,HI67,HI74,PH01.","Frozen dependencies: HI37,HI67,HI74.",Rewrite forward references (1); preserve historical references (5) on predecessor.
HI86,The source explicitly says the broader topology-aware planner should stay pending/backlog until concrete need arises; it is not terminal.,"Close the recorded gap and pass the frozen scope's stated implementation, correctness, performance, or evidence gate.",tuning,One independent boundary; Build/Run support is a dependency.,No duplicate boundary found; related items are prerequisites or adjacent evidence.,"Preserve frozen notes/reviews/evidence on predecessor; IDs: HI138,HI18,HI85,HI87,HI88.",Frozen dependencies: none recorded.,Rewrite forward references (1); preserve historical references (5) on predecessor.
HI94,"Replay fallback, process-cache-hit, hardware-separation, corruption, and graph-capture tests split from HI16 remain unimplemented.","Close the recorded gap and pass the frozen scope's stated implementation, correctness, performance, or evidence gate.",tuning,One independent boundary; Build/Run support is a dependency.,No duplicate boundary found; related items are prerequisites or adjacent evidence.,"Preserve frozen notes/reviews/evidence on predecessor; IDs: HI16,HI24,HI37.",Frozen dependencies: HI16.,Rewrite forward references (1); preserve historical references (3) on predecessor.
HI95,Adaptive screen-stage retention remains blocked on HI35 re-baseline and lacks the required real-hardware validation.,"Close the recorded gap and pass the frozen scope's stated implementation, correctness, performance, or evidence gate.",tuning,One independent boundary; Build/Run support is a dependency.,No duplicate boundary found; related items are prerequisites or adjacent evidence.,"Preserve frozen notes/reviews/evidence on predecessor; IDs: HI24,HI37,HI65.","Frozen dependencies: HI24,HI35.",Rewrite forward references (2); preserve historical references (3) on predecessor.
HI140,Qwen matrix is blocked at preflight; source/fit resolution and hardware execution remain.,"Close the recorded gap and pass the frozen scope's stated implementation, correctness, performance, or evidence gate.",patching,One independent boundary; Build/Run support is a dependency.,No duplicate boundary found; related items are prerequisites or adjacent evidence.,"Preserve frozen notes/reviews/evidence on predecessor; IDs: HI138,HI85.",Frozen dependencies: none recorded.,Rewrite forward references (2); preserve historical references (2) on predecessor.
HI84,"RCCL arm is superseded, but META D=3/D=4 qualification remains unfinished.","Close the recorded gap and pass the frozen scope's stated implementation, correctness, performance, or evidence gate.",patching,One independent boundary; Build/Run support is a dependency.,No duplicate boundary found; related items are prerequisites or adjacent evidence.,"Preserve frozen notes/reviews/evidence on predecessor; IDs: HI138,HI18,HI58,HI85.",Frozen dependencies: none recorded.,Rewrite forward references (2); preserve historical references (4) on predecessor.
HTR02,"Pinned recovery/profile work still requires reset, native-BF16 rebuild, FA_ALL_QUANTS A/B, and profile evidence.","Close the recorded gap and pass the frozen scope's stated implementation, correctness, performance, or evidence gate.",tuning,One independent boundary; Build/Run support is a dependency.,No duplicate boundary found; related items are prerequisites or adjacent evidence.,"Preserve frozen notes/reviews/evidence on predecessor; IDs: HI141,HTR01.",Frozen dependencies: none recorded.,Rewrite forward references (2); preserve historical references (2) on predecessor.
HTR04,The source explicitly keeps cross-process resume durability deferred for later rather than closed.,"Close the recorded gap and pass the frozen scope's stated implementation, correctness, performance, or evidence gate.",tuning,One independent boundary; Build/Run support is a dependency.,No duplicate boundary found; related items are prerequisites or adjacent evidence.,Preserve frozen notes/reviews/evidence on predecessor; IDs: HTR01.,Frozen dependencies: HTR01.,Rewrite forward references (4); preserve historical references (1) on predecessor.
HTR05,Reusable recovery-patch extraction depends on HTR02 and has no implementation/qualification evidence.,"Close the recorded gap and pass the frozen scope's stated implementation, correctness, performance, or evidence gate.",tuning,One independent boundary; Build/Run support is a dependency.,No duplicate boundary found; related items are prerequisites or adjacent evidence.,Preserve frozen notes/reviews/evidence on predecessor; IDs: HI141.,Frozen dependencies: none recorded.,Rewrite forward references (3); preserve historical references (1) on predecessor.
HTR06,Long-horizon resumable recovery campaign and no-invalid-launch recurrence evidence remain unrun.,"Close the recorded gap and pass the frozen scope's stated implementation, correctness, performance, or evidence gate.",tuning,One independent boundary; Build/Run support is a dependency.,No duplicate boundary found; related items are prerequisites or adjacent evidence.,"Preserve frozen notes/reviews/evidence on predecessor; IDs: HI141,HTR01,HTR03.",Frozen dependencies: none recorded.,Rewrite forward references (2); preserve historical references (3) on predecessor.
HTR07,The deterministic interleaved ABBA validation ladder is specified but not implemented/executed.,"Close the recorded gap and pass the frozen scope's stated implementation, correctness, performance, or evidence gate.",tuning,One independent boundary; Build/Run support is a dependency.,No duplicate boundary found; related items are prerequisites or adjacent evidence.,Preserve frozen notes/reviews/evidence on predecessor; IDs: none extracted.,Frozen dependencies: none recorded.,Rewrite forward references (1); preserve historical references (0) on predecessor.
KC01,EC16/EC19 representation sufficiency decision and closure gate remain.,"Close the recorded gap and pass the frozen scope's stated implementation, correctness, performance, or evidence gate.",patching,One independent boundary; Build/Run support is a dependency.,No duplicate boundary found; related items are prerequisites or adjacent evidence.,"Preserve frozen notes/reviews/evidence on predecessor; IDs: EC16,EC19,RD08.","Frozen dependencies: EC16,EC19,RD04,RD08,RD50,RD53,RO07,RO08.",Rewrite forward references (6); preserve historical references (3) on predecessor.
KC02,"Graph/DAG lifecycle identity, dependency, conflict, and provenance implementation remains planned.","Close the recorded gap and pass the frozen scope's stated implementation, correctness, performance, or evidence gate.",patching,One independent boundary; Build/Run support is a dependency.,No duplicate boundary found; related items are prerequisites or adjacent evidence.,"Preserve frozen notes/reviews/evidence on predecessor; IDs: EC16,EC19.","Frozen dependencies: RD12,RD13,RD17,RD39,RD43.",Rewrite forward references (6); preserve historical references (2) on predecessor.
KC03,CPU-only provider acceptance remains undecided and unverified.,"Close the recorded gap and pass the frozen scope's stated implementation, correctness, performance, or evidence gate.",patching,One independent boundary; Build/Run support is a dependency.,No duplicate boundary found; related items are prerequisites or adjacent evidence.,"Preserve frozen notes/reviews/evidence on predecessor; IDs: EC16,EC19,GP03,GP07,GP08,GP10.",Frozen dependencies: none recorded.,Rewrite forward references (6); preserve historical references (6) on predecessor.
KC04,"Small-N dispatch-gap profiling, kernel coverage implementation, and benchmark/regression proof remain open.","Close the recorded gap and pass the frozen scope's stated implementation, correctness, performance, or evidence gate.",patching,One independent boundary; Build/Run support is a dependency.,No duplicate boundary found; related items are prerequisites or adjacent evidence.,"Preserve frozen notes/reviews/evidence on predecessor; IDs: EC16,EC19.",Frozen dependencies: none recorded.,Rewrite forward references (4); preserve historical references (2) on predecessor.
NRO01,"Q8 wire patch remains untested; correctness, quality, and performance qualification are required.","Close the recorded gap and pass the frozen scope's stated implementation, correctness, performance, or evidence gate.",patching,One independent boundary; Build/Run support is a dependency.,No duplicate boundary found; related items are prerequisites or adjacent evidence.,Preserve frozen notes/reviews/evidence on predecessor; IDs: none extracted.,Frozen dependencies: none recorded.,Rewrite forward references (4); preserve historical references (0) on predecessor.
NRO02,RD89 reconciliation records NRO02 within the nasone NRO set as pending; no implementation or terminal disposition is recorded.,"Close the recorded gap and pass the frozen scope's stated implementation, correctness, performance, or evidence gate.",patching,One independent boundary; Build/Run support is a dependency.,No duplicate boundary found; related items are prerequisites or adjacent evidence.,Preserve frozen notes/reviews/evidence on predecessor; IDs: none extracted.,Frozen dependencies: none recorded.,Rewrite forward references (3); preserve historical references (0) on predecessor.
NRO03,"P2P provider correctness probes, fallback, and performance qualification remain.","Close the recorded gap and pass the frozen scope's stated implementation, correctness, performance, or evidence gate.",patching,One independent boundary; Build/Run support is a dependency.,No duplicate boundary found; related items are prerequisites or adjacent evidence.,Preserve frozen notes/reviews/evidence on predecessor; IDs: none extracted.,Frozen dependencies: none recorded.,Rewrite forward references (4); preserve historical references (0) on predecessor.
NRO04,RD89 reconciliation records NRO04 within the nasone NRO set as pending; no implementation or terminal disposition is recorded.,"Close the recorded gap and pass the frozen scope's stated implementation, correctness, performance, or evidence gate.",patching,One independent boundary; Build/Run support is a dependency.,No duplicate boundary found; related items are prerequisites or adjacent evidence.,Frozen plan notes and cited reviews/evidence remain predecessor provenance; preserved IDs: none extracted.,Frozen dependencies: none recorded.,Rewrite forward references (4); preserve historical references (0) on predecessor.
NRO05,RD89 reconciliation records NRO05 within the nasone NRO set as pending; no implementation or terminal disposition is recorded.,"Close the recorded gap and pass the frozen scope's stated implementation, correctness, performance, or evidence gate.",patching,One independent boundary; Build/Run support is a dependency.,No duplicate boundary found; related items are prerequisites or adjacent evidence.,Preserve frozen notes/reviews/evidence on predecessor; IDs: none extracted.,Frozen dependencies: none recorded.,Rewrite forward references (4); preserve historical references (0) on predecessor.
NRO07,RD89 reconciliation records NRO07 within the nasone NRO set as pending; no implementation or terminal disposition is recorded.,"Close the recorded gap and pass the frozen scope's stated implementation, correctness, performance, or evidence gate.",patching,One independent boundary; Build/Run support is a dependency.,No duplicate boundary found; related items are prerequisites or adjacent evidence.,Preserve frozen notes/reviews/evidence on predecessor; IDs: none extracted.,Frozen dependencies: none recorded.,Rewrite forward references (4); preserve historical references (0) on predecessor.
NRO08,RD89 reconciliation records NRO08 within the nasone NRO set as pending; no implementation or terminal disposition is recorded.,"Close the recorded gap and pass the frozen scope's stated implementation, correctness, performance, or evidence gate.",patching,One independent boundary; Build/Run support is a dependency.,No duplicate boundary found; related items are prerequisites or adjacent evidence.,Preserve frozen notes/reviews/evidence on predecessor; IDs: none extracted.,Frozen dependencies: none recorded.,Rewrite forward references (3); preserve historical references (0) on predecessor.
NRO09,RD89 reconciliation records NRO09 within the nasone NRO set as pending; no implementation or terminal disposition is recorded.,"Close the recorded gap and pass the frozen scope's stated implementation, correctness, performance, or evidence gate.",patching,One independent boundary; Build/Run support is a dependency.,No duplicate boundary found; related items are prerequisites or adjacent evidence.,Preserve frozen notes/reviews/evidence on predecessor; IDs: none extracted.,Frozen dependencies: none recorded.,Rewrite forward references (1); preserve historical references (0) on predecessor.
NRO10,RD89 reconciliation records NRO10 within the nasone NRO set as pending; no implementation or terminal disposition is recorded.,"Close the recorded gap and pass the frozen scope's stated implementation, correctness, performance, or evidence gate.",patching,One independent boundary; Build/Run support is a dependency.,No duplicate boundary found; related items are prerequisites or adjacent evidence.,Preserve frozen notes/reviews/evidence on predecessor; IDs: none extracted.,Frozen dependencies: none recorded.,Rewrite forward references (1); preserve historical references (0) on predecessor.
NRO11,RD89 reconciliation records NRO11 within the nasone NRO set as pending; no implementation or terminal disposition is recorded.,"Close the recorded gap and pass the frozen scope's stated implementation, correctness, performance, or evidence gate.",patching,One independent boundary; Build/Run support is a dependency.,No duplicate boundary found; related items are prerequisites or adjacent evidence.,Preserve frozen notes/reviews/evidence on predecessor; IDs: none extracted.,Frozen dependencies: none recorded.,Rewrite forward references (2); preserve historical references (0) on predecessor.
NRO12,RD89 reconciliation records NRO12 within the nasone NRO set as pending; no implementation or terminal disposition is recorded.,"Close the recorded gap and pass the frozen scope's stated implementation, correctness, performance, or evidence gate.",patching,One independent boundary; Build/Run support is a dependency.,No duplicate boundary found; related items are prerequisites or adjacent evidence.,Preserve frozen notes/reviews/evidence on predecessor; IDs: NRO11.,Frozen dependencies: none recorded.,Rewrite forward references (2); preserve historical references (0) on predecessor.
NRO13,Upstream ancestry/backport decision and qualification remain.,"Close the recorded gap and pass the frozen scope's stated implementation, correctness, performance, or evidence gate.",patching,One independent boundary; Build/Run support is a dependency.,No duplicate boundary found; related items are prerequisites or adjacent evidence.,Preserve frozen notes/reviews/evidence on predecessor; IDs: none extracted.,Frozen dependencies: none recorded.,Rewrite forward references (1); preserve historical references (0) on predecessor.
NRO14,RD89 reconciliation records NRO14 within the nasone NRO set as pending; no implementation or terminal disposition is recorded.,"Close the recorded gap and pass the frozen scope's stated implementation, correctness, performance, or evidence gate.",patching,One independent boundary; Build/Run support is a dependency.,No duplicate boundary found; related items are prerequisites or adjacent evidence.,Preserve frozen notes/reviews/evidence on predecessor; IDs: none extracted.,Frozen dependencies: none recorded.,Rewrite forward references (2); preserve historical references (0) on predecessor.
NRO15,RD89 reconciliation records NRO15 within the nasone NRO set as pending; no implementation or terminal disposition is recorded.,"Close the recorded gap and pass the frozen scope's stated implementation, correctness, performance, or evidence gate.",patching,One independent boundary; Build/Run support is a dependency.,No duplicate boundary found; related items are prerequisites or adjacent evidence.,Preserve frozen notes/reviews/evidence on predecessor; IDs: none extracted.,Frozen dependencies: none recorded.,Rewrite forward references (1); preserve historical references (0) on predecessor.
NRO16,RD89 reconciliation records NRO16 within the nasone NRO set as pending; no implementation or terminal disposition is recorded.,"Close the recorded gap and pass the frozen scope's stated implementation, correctness, performance, or evidence gate.",patching,One independent boundary; Build/Run support is a dependency.,No duplicate boundary found; related items are prerequisites or adjacent evidence.,Preserve frozen notes/reviews/evidence on predecessor; IDs: none extracted.,Frozen dependencies: none recorded.,Rewrite forward references (1); preserve historical references (0) on predecessor.
PA04,"Software work is largely complete; overlay, hardware, cross-machine, and final acceptance gates remain.","Close the recorded gap and pass the frozen scope's stated implementation, correctness, performance, or evidence gate.",patching,One independent boundary; Build/Run support is a dependency.,No duplicate boundary found; related items are prerequisites or adjacent evidence.,"Preserve frozen notes/reviews/evidence on predecessor; IDs: PA02,PA03,PA05,PA18,RD08,RD19.","Frozen dependencies: PA02,PA03,PA18.",Rewrite forward references (3); preserve historical references (6) on predecessor.
QU02,"Standard CLI launch/progress/completion telemetry still requires shared helper integration, tests, and documentation.","Close the recorded gap and pass the frozen scope's stated implementation, correctness, performance, or evidence gate.",run,One independent boundary; Build/Run support is a dependency.,No duplicate boundary found; related items are prerequisites or adjacent evidence.,Preserve frozen notes/reviews/evidence on predecessor; IDs: none extracted.,Frozen dependencies: none recorded.,Rewrite forward references (1); preserve historical references (0) on predecessor.
RD04,Port exists; correctness matrix and cross-architecture repeat remain.,"Close the recorded gap and pass the frozen scope's stated implementation, correctness, performance, or evidence gate.",patching,One independent boundary; Build/Run support is a dependency.,No duplicate boundary found; related items are prerequisites or adjacent evidence.,"Preserve frozen notes/reviews/evidence on predecessor; IDs: RD02,RD03.","Frozen dependencies: HI25,RD02,RD03.",Rewrite forward references (2); preserve historical references (2) on predecessor.
RD05,Patch exists; isolated benchmark and correctness qualification remain.,"Close the recorded gap and pass the frozen scope's stated implementation, correctness, performance, or evidence gate.",patching,One independent boundary; Build/Run support is a dependency.,No duplicate boundary found; related items are prerequisites or adjacent evidence.,Preserve frozen notes/reviews/evidence on predecessor; IDs: none extracted.,Frozen dependencies: none recorded.,Rewrite forward references (3); preserve historical references (0) on predecessor.
RD06,"Patch 1203 materialized the RDNA4 WMMA configuration, but the frozen item explicitly awaits isolated gfx1201 benchmarking.","Close the recorded gap and pass the frozen scope's stated implementation, correctness, performance, or evidence gate.",patching,One independent boundary; Build/Run support is a dependency.,No duplicate boundary found; related items are prerequisites or adjacent evidence.,"Preserve frozen notes/reviews/evidence on predecessor; IDs: RD02,RD03.","Frozen dependencies: RD02,RD03,RD05.",Rewrite forward references (2); preserve historical references (2) on predecessor.
RD07,Patch exists; eligibility benchmark and EX02 safeguard re-verification remain.,"Close the recorded gap and pass the frozen scope's stated implementation, correctness, performance, or evidence gate.",patching,One independent boundary; Build/Run support is a dependency.,No duplicate boundary found; related items are prerequisites or adjacent evidence.,"Preserve frozen notes/reviews/evidence on predecessor; IDs: HI71,RD02,RD03.","Frozen dependencies: EX02,RD02,RD03.",Rewrite forward references (2); preserve historical references (3) on predecessor.
RD09,Stage 1 is closed only; later stages remain.,"Close the recorded gap and pass the frozen scope's stated implementation, correctness, performance, or evidence gate.",patching,One independent boundary; Build/Run support is a dependency.,No duplicate boundary found; related items are prerequisites or adjacent evidence.,"Preserve frozen notes/reviews/evidence on predecessor; IDs: RD02,RD03,RD14,RD19.","Frozen dependencies: HI26,RD02,RD03,RD10,RD12,RD14,RD24.",Rewrite forward references (7); preserve historical references (4) on predecessor.
RD10,Direct RMS-norm Q8_1 production remains planning-only and dependent on proving RD09's cache contract.,"Close the recorded gap and pass the frozen scope's stated implementation, correctness, performance, or evidence gate.",patching,One independent boundary; Build/Run support is a dependency.,No duplicate boundary found; related items are prerequisites or adjacent evidence.,Preserve frozen notes/reviews/evidence on predecessor; IDs: none extracted.,Frozen dependencies: none recorded.,Rewrite forward references (2); preserve historical references (0) on predecessor.
RD100,"Run-id/lock issue resolved, but the original instant-fake-OK symptom remains unexplained.","Close the recorded gap and pass the frozen scope's stated implementation, correctness, performance, or evidence gate.",build,One independent boundary; Build/Run support is a dependency.,No duplicate boundary found; related items are prerequisites or adjacent evidence.,Preserve frozen notes/reviews/evidence on predecessor; IDs: none extracted.,Frozen dependencies: none recorded.,Rewrite forward references (1); preserve historical references (0) on predecessor.
RD101,RD89 reconciliation explicitly records RD101 as not started and still an open third-party MTP sidecar candidate.,"Close the recorded gap and pass the frozen scope's stated implementation, correctness, performance, or evidence gate.",patching,One independent boundary; Build/Run support is a dependency.,No duplicate boundary found; related items are prerequisites or adjacent evidence.,Preserve frozen notes/reviews/evidence on predecessor; IDs: none extracted.,Frozen dependencies: none recorded.,Rewrite forward references (2); preserve historical references (0) on predecessor.
RD102,New numerical-equivalence contract remains explicitly open.,"Close the recorded gap and pass the frozen scope's stated implementation, correctness, performance, or evidence gate.",patching,One independent boundary; Build/Run support is a dependency.,No duplicate boundary found; related items are prerequisites or adjacent evidence.,"Preserve frozen notes/reviews/evidence on predecessor; IDs: EC02,EC07,RD08,RD103,docs/planning/completed/ec-contracts/EC02.md,docs/planning/completed/ec-contracts/EC07.md.",Frozen dependencies: none recorded.,Rewrite forward references (3); preserve historical references (6) on predecessor.
RD104,"Frozen RD104 retains an open upstream-tracking and adoption path for Vulkan tensor-parallel AllReduce; the scope decision is a future gate, not completed work.","Close the recorded gap and pass the frozen scope's stated implementation, correctness, performance, or evidence gate.",patching,One independent boundary; Build/Run support is a dependency.,No duplicate boundary found; related items are prerequisites or adjacent evidence.,Preserve frozen notes/reviews/evidence on predecessor; IDs: RD68.,Frozen dependencies: RD57,RE30.,Rewrite forward references (8); preserve historical references (1) on predecessor.
RD11,Gating-MUL direct Q8_1 production remains Wave-2 work blocked on RD09; no materialization or qualification is recorded.,"Close the recorded gap and pass the frozen scope's stated implementation, correctness, performance, or evidence gate.",patching,One independent boundary; Build/Run support is a dependency.,No duplicate boundary found; related items are prerequisites or adjacent evidence.,Preserve frozen notes/reviews/evidence on predecessor; IDs: none extracted.,Frozen dependencies: none recorded.,Rewrite forward references (2); preserve historical references (0) on predecessor.
RD12,"Patch 1205 materialized the paired-MMVQ candidate, but composition-safe correctness/performance qualification remains outstanding.","Close the recorded gap and pass the frozen scope's stated implementation, correctness, performance, or evidence gate.",patching,One independent boundary; Build/Run support is a dependency.,No duplicate boundary found; related items are prerequisites or adjacent evidence.,"Preserve frozen notes/reviews/evidence on predecessor; IDs: RD02,RD03.","Frozen dependencies: RD02,RD03,RD09,RD25.",Rewrite forward references (4); preserve historical references (2) on predecessor.
RD13,"Offline safety improved; CUDA equivalence, graph capture, and performance remain.","Close the recorded gap and pass the frozen scope's stated implementation, correctness, performance, or evidence gate.",patching,One independent boundary; Build/Run support is a dependency.,No duplicate boundary found; related items are prerequisites or adjacent evidence.,Preserve frozen notes/reviews/evidence on predecessor; IDs: RD02.,Frozen dependencies: none recorded.,Rewrite forward references (1); preserve historical references (1) on predecessor.
RD15,"Shared-expert output-chain fusion remains planning-only; exact-pattern, correctness, workspace, and performance acceptance are unfinished.","Close the recorded gap and pass the frozen scope's stated implementation, correctness, performance, or evidence gate.",patching,One independent boundary; Build/Run support is a dependency.,No duplicate boundary found; related items are prerequisites or adjacent evidence.,Preserve frozen notes/reviews/evidence on predecessor; IDs: none extracted.,Frozen dependencies: none recorded.,Rewrite forward references (2); preserve historical references (0) on predecessor.
RD17,"Patch 1207 materialized the MoE top-k fold, but the source explicitly keeps RD17 active until correctness/performance disposition.","Close the recorded gap and pass the frozen scope's stated implementation, correctness, performance, or evidence gate.",patching,One independent boundary; Build/Run support is a dependency.,No duplicate boundary found; related items are prerequisites or adjacent evidence.,Preserve frozen notes/reviews/evidence on predecessor; IDs: none extracted.,Frozen dependencies: none recorded.,Rewrite forward references (4); preserve historical references (0) on predecessor.
RD18,IMRoPE/BF16 SET_ROWS fusion remains planning-only and still depends on explicit patch-1004 capability/causal validation.,"Close the recorded gap and pass the frozen scope's stated implementation, correctness, performance, or evidence gate.",patching,One independent boundary; Build/Run support is a dependency.,No duplicate boundary found; related items are prerequisites or adjacent evidence.,"Preserve frozen notes/reviews/evidence on predecessor; IDs: RD02,RD03.","Frozen dependencies: RD02,RD03.",Rewrite forward references (1); preserve historical references (2) on predecessor.
RD21,Experiment is deferred/gate-blocked on the gfx1151 prerequisite.,"Close the recorded gap and pass the frozen scope's stated implementation, correctness, performance, or evidence gate.",patching,One independent boundary; Build/Run support is a dependency.,No duplicate boundary found; related items are prerequisites or adjacent evidence.,Preserve frozen notes/reviews/evidence on predecessor; IDs: HI82.,"Frozen dependencies: HI82,RD25,RD50.",Rewrite forward references (3); preserve historical references (1) on predecessor.
RD22,"Integrated-GPU host-buffer work is explicitly deferred pending relevant hardware evidence, not retired.","Close the recorded gap and pass the frozen scope's stated implementation, correctness, performance, or evidence gate.",patching,One independent boundary; Build/Run support is a dependency.,No duplicate boundary found; related items are prerequisites or adjacent evidence.,Preserve frozen notes/reviews/evidence on predecessor; IDs: none extracted.,Frozen dependencies: none recorded.,Rewrite forward references (1); preserve historical references (0) on predecessor.
RD24,The SSM pre-scan fusion remains an unported Wave-2 candidate dependent on RD09/bake-in correctness state.,"Close the recorded gap and pass the frozen scope's stated implementation, correctness, performance, or evidence gate.",patching,One independent boundary; Build/Run support is a dependency.,No duplicate boundary found; related items are prerequisites or adjacent evidence.,"Preserve frozen notes/reviews/evidence on predecessor; IDs: RD14,RD16.",Frozen dependencies: none recorded.,Rewrite forward references (3); preserve historical references (2) on predecessor.
RD25,Frozen RD25 is an active bake-in sequencing rule whose dependent ports and regression validation remain ahead; its initial triage step being done is not item completion.,"Close the recorded gap and pass the frozen scope's stated implementation, correctness, performance, or evidence gate.",patching,One independent boundary; Build/Run support is a dependency.,No duplicate boundary found; related items are prerequisites or adjacent evidence.,"Preserve frozen notes/reviews/evidence on predecessor; IDs: RD08,RD14.","Frozen dependencies: RD08,RD12,RD14,RD15,RD21,RD24,RD26.",Rewrite forward references (6); preserve historical references (2) on predecessor.
RD26,Only the standalone subset materialized; flash-attention and post-fix MMVQ portions remain composition-gated and full-cluster bit-identity acceptance is unfinished.,"Close the recorded gap and pass the frozen scope's stated implementation, correctness, performance, or evidence gate.",patching,One independent boundary; Build/Run support is a dependency.,No duplicate boundary found; related items are prerequisites or adjacent evidence.,Preserve frozen notes/reviews/evidence on predecessor; IDs: RD08.,Frozen dependencies: none recorded.,Rewrite forward references (6); preserve historical references (1) on predecessor.
RD27,"SSM conv-input folding remains an unmaterialized candidate requiring dependency audit, port, and isolated SSM/Mamba qualification.","Close the recorded gap and pass the frozen scope's stated implementation, correctness, performance, or evidence gate.",patching,One independent boundary; Build/Run support is a dependency.,No duplicate boundary found; related items are prerequisites or adjacent evidence.,Preserve frozen notes/reviews/evidence on predecessor; IDs: none extracted.,"Frozen dependencies: RD09,RD24.",Rewrite forward references (3); preserve historical references (0) on predecessor.
RD28,"The original diff port was invalidated by upstream MMQ redesign, but the item was re-scoped to a still-open table-driven redesign investigation.","Close the recorded gap and pass the frozen scope's stated implementation, correctness, performance, or evidence gate.",patching,One independent boundary; Build/Run support is a dependency.,No duplicate boundary found; related items are prerequisites or adjacent evidence.,Preserve frozen notes/reviews/evidence on predecessor; IDs: none extracted.,Frozen dependencies: none recorded.,Rewrite forward references (1); preserve historical references (0) on predecessor.
RD30,Candidate identity/disposition and full n_expert=256 E2E qualification remain.,"Close the recorded gap and pass the frozen scope's stated implementation, correctness, performance, or evidence gate.",patching,One independent boundary; Build/Run support is a dependency.,No duplicate boundary found; related items are prerequisites or adjacent evidence.,"Preserve frozen notes/reviews/evidence on predecessor; IDs: EC08,EC13,HI105,HI54,RD94,docs/planning/completed/hip-autotune/HI105.md.",Frozen dependencies: none recorded.,Rewrite forward references (1); preserve historical references (6) on predecessor.
RD31,RD89 says RD31 is newly unblocked; its old diff no longer applies and the compact-map experiment still needs redesign/qualification.,"Close the recorded gap and pass the frozen scope's stated implementation, correctness, performance, or evidence gate.",patching,One independent boundary; Build/Run support is a dependency.,No duplicate boundary found; related items are prerequisites or adjacent evidence.,Preserve frozen notes/reviews/evidence on predecessor; IDs: none extracted.,Frozen dependencies: RD32.,Rewrite forward references (2); preserve historical references (0) on predecessor.
RD32,RD89 says RD32 is newly unblocked; compact-grid work remains pending and depends on RD31.,"Close the recorded gap and pass the frozen scope's stated implementation, correctness, performance, or evidence gate.",patching,One independent boundary; Build/Run support is a dependency.,No duplicate boundary found; related items are prerequisites or adjacent evidence.,Preserve frozen notes/reviews/evidence on predecessor; IDs: none extracted.,Frozen dependencies: RD31.,Rewrite forward references (3); preserve historical references (0) on predecessor.
RD33,"Converged null-result evidence exists, but RD89 records an explicit unfinished ncols=5/6 eligibility follow-up for the dominant MTP shape.","Close the recorded gap and pass the frozen scope's stated implementation, correctness, performance, or evidence gate.",patching,One independent boundary; Build/Run support is a dependency.,No duplicate boundary found; related items are prerequisites or adjacent evidence.,"Preserve frozen notes/reviews/evidence on predecessor; IDs: HI13,HI67,RD29,RD87.",Frozen dependencies: none recorded.,Rewrite forward references (5); preserve historical references (4) on predecessor.
RD34,The old gfx1151 MMQ diff no longer applies; the item remains re-scoped to checking/redesigning the current table-driven configuration with hardware evidence.,"Close the recorded gap and pass the frozen scope's stated implementation, correctness, performance, or evidence gate.",patching,One independent boundary; Build/Run support is a dependency.,No duplicate boundary found; related items are prerequisites or adjacent evidence.,Preserve frozen notes/reviews/evidence on predecessor; IDs: none extracted.,Frozen dependencies: none recorded.,Rewrite forward references (2); preserve historical references (0) on predecessor.
RD35,"The row-padding/cache-aliasing experiment retains unexecuted correctness, cache-counter, and performance acceptance work.","Close the recorded gap and pass the frozen scope's stated implementation, correctness, performance, or evidence gate.",patching,One independent boundary; Build/Run support is a dependency.,No duplicate boundary found; related items are prerequisites or adjacent evidence.,Preserve frozen notes/reviews/evidence on predecessor; IDs: none extracted.,Frozen dependencies: none recorded.,Rewrite forward references (3); preserve historical references (0) on predecessor.
RD36,RD89 reconciliation explicitly records RD36 as still pending with no patch and as a high-value remaining candidate.,"Close the recorded gap and pass the frozen scope's stated implementation, correctness, performance, or evidence gate.",patching,One independent boundary; Build/Run support is a dependency.,No duplicate boundary found; related items are prerequisites or adjacent evidence.,Preserve frozen notes/reviews/evidence on predecessor; IDs: none extracted.,"Frozen dependencies: RD37,RD38.",Rewrite forward references (3); preserve historical references (0) on predecessor.
RD37,K-pad F16-shadow aliasing work remains dependent on RD36 and retains unexecuted correctness/performance validation.,"Close the recorded gap and pass the frozen scope's stated implementation, correctness, performance, or evidence gate.",patching,One independent boundary; Build/Run support is a dependency.,No duplicate boundary found; related items are prerequisites or adjacent evidence.,Preserve frozen notes/reviews/evidence on predecessor; IDs: none extracted.,Frozen dependencies: RD36.,Rewrite forward references (2); preserve historical references (0) on predecessor.
RD38,RD89 reconciliation explicitly records RD38 as still pending with no patch and as a high-value remaining candidate.,"Close the recorded gap and pass the frozen scope's stated implementation, correctness, performance, or evidence gate.",patching,One independent boundary; Build/Run support is a dependency.,No duplicate boundary found; related items are prerequisites or adjacent evidence.,Preserve frozen notes/reviews/evidence on predecessor; IDs: EC10.,"Frozen dependencies: RD36,RD37.",Rewrite forward references (3); preserve historical references (1) on predecessor.
RD39,Upstream PR #26574 supersedes local work; no further work remains unless upstream changes.,Closed/deprecated boundary; retain predecessor history; no successor.,patching,No second boundary; frozen scope is closed or deprecated.,No duplicate boundary found; related items are prerequisites or adjacent evidence.,Preserve frozen notes/reviews/evidence on predecessor; IDs: none extracted.,"Frozen dependencies: RD40,RD41,RD42.",Rewrite forward references (4); preserve historical references (0) on predecessor.
RD40,The frozen item retains executable implementation/qualification work and has no terminal completion or deprecation disposition in current lineage.,"Close the recorded gap and pass the frozen scope's stated implementation, correctness, performance, or evidence gate.",patching,One independent boundary; Build/Run support is a dependency.,No duplicate boundary found; related items are prerequisites or adjacent evidence.,Preserve frozen notes/reviews/evidence on predecessor; IDs: none extracted.,Frozen dependencies: RD39.,Rewrite forward references (2); preserve historical references (0) on predecessor.
RD41,The frozen item retains executable implementation/qualification work and has no terminal completion or deprecation disposition in current lineage.,"Close the recorded gap and pass the frozen scope's stated implementation, correctness, performance, or evidence gate.",patching,One independent boundary; Build/Run support is a dependency.,No duplicate boundary found; related items are prerequisites or adjacent evidence.,Preserve frozen notes/reviews/evidence on predecessor; IDs: none extracted.,Frozen dependencies: RD39.,Rewrite forward references (2); preserve historical references (0) on predecessor.
RD42,The frozen item retains executable implementation/qualification work and has no terminal completion or deprecation disposition in current lineage.,"Close the recorded gap and pass the frozen scope's stated implementation, correctness, performance, or evidence gate.",patching,One independent boundary; Build/Run support is a dependency.,No duplicate boundary found; related items are prerequisites or adjacent evidence.,"Preserve frozen notes/reviews/evidence on predecessor; IDs: RD39,RD40,RD41,RD43,RD44.",Frozen dependencies: none recorded.,Rewrite forward references (6); preserve historical references (0) on predecessor.
RD43,The frozen item retains executable implementation/qualification work and has no terminal completion or deprecation disposition in current lineage.,"Close the recorded gap and pass the frozen scope's stated implementation, correctness, performance, or evidence gate.",patching,One independent boundary; Build/Run support is a dependency.,No duplicate boundary found; related items are prerequisites or adjacent evidence.,Preserve frozen notes/reviews/evidence on predecessor; IDs: RD42,RD44.,Frozen dependencies: none recorded.,Rewrite forward references (3); preserve historical references (0) on predecessor.
RD44,The frozen item retains executable implementation/qualification work and has no terminal completion or deprecation disposition in current lineage.,"Close the recorded gap and pass the frozen scope's stated implementation, correctness, performance, or evidence gate.",patching,One independent boundary; Build/Run support is a dependency.,No duplicate boundary found; related items are prerequisites or adjacent evidence.,"Preserve frozen notes/reviews/evidence on predecessor; IDs: RD39,RD40,RD41,RD42,RD43.",Frozen dependencies: none recorded.,Rewrite forward references (6); preserve historical references (0) on predecessor.
RD45,RD89 reconciliation explicitly records RD45 as still pending with no patch; its GEMV epilogue-fusion qualification remains.,"Close the recorded gap and pass the frozen scope's stated implementation, correctness, performance, or evidence gate.",patching,One independent boundary; Build/Run support is a dependency.,No duplicate boundary found; related items are prerequisites or adjacent evidence.,Preserve frozen notes/reviews/evidence on predecessor; IDs: none extracted.,Frozen dependencies: RD46.,Rewrite forward references (2); preserve historical references (0) on predecessor.
RD46,RD89 reconciliation explicitly records RD46 as still pending with no patch; its GEMV epilogue-fusion qualification remains.,"Close the recorded gap and pass the frozen scope's stated implementation, correctness, performance, or evidence gate.",patching,One independent boundary; Build/Run support is a dependency.,No duplicate boundary found; related items are prerequisites or adjacent evidence.,Preserve frozen notes/reviews/evidence on predecessor; IDs: none extracted.,Frozen dependencies: RD45.,Rewrite forward references (2); preserve historical references (0) on predecessor.
RD47,RD89 reconciliation explicitly records RD47 as still pending with no patch; its GEMV epilogue-fusion qualification remains.,"Close the recorded gap and pass the frozen scope's stated implementation, correctness, performance, or evidence gate.",patching,One independent boundary; Build/Run support is a dependency.,No duplicate boundary found; related items are prerequisites or adjacent evidence.,Preserve frozen notes/reviews/evidence on predecessor; IDs: none extracted.,Frozen dependencies: none recorded.,Rewrite forward references (2); preserve historical references (0) on predecessor.
RD48,The frozen item retains executable implementation/qualification work and has no terminal completion or deprecation disposition in current lineage.,"Close the recorded gap and pass the frozen scope's stated implementation, correctness, performance, or evidence gate.",patching,One independent boundary; Build/Run support is a dependency.,No duplicate boundary found; related items are prerequisites or adjacent evidence.,Preserve frozen notes/reviews/evidence on predecessor; IDs: none extracted.,Frozen dependencies: none recorded.,Rewrite forward references (1); preserve historical references (0) on predecessor.
RD49,The frozen item retains executable implementation/qualification work and has no terminal completion or deprecation disposition in current lineage.,"Close the recorded gap and pass the frozen scope's stated implementation, correctness, performance, or evidence gate.",patching,One independent boundary; Build/Run support is a dependency.,No duplicate boundary found; related items are prerequisites or adjacent evidence.,Preserve frozen notes/reviews/evidence on predecessor; IDs: none extracted.,Frozen dependencies: none recorded.,Rewrite forward references (3); preserve historical references (0) on predecessor.
RD50,Frozen RD50 records compile safety and fallback evidence but explicitly leaves the gfx1151/RDNA3.5 performance claim blocked and unvalidated.,"Close the recorded gap and pass the frozen scope's stated implementation, correctness, performance, or evidence gate.",patching,One independent boundary; Build/Run support is a dependency.,No duplicate boundary found; related items are prerequisites or adjacent evidence.,"Preserve frozen notes/reviews/evidence on predecessor; IDs: HI82,RD90.","Frozen dependencies: RD51,RD52,RD53,RD90.",Rewrite forward references (4); preserve historical references (2) on predecessor.
RD51,RD89 reconciliation records RD51 as newly unblocked by completed RD50 but still pending with no patch.,"Close the recorded gap and pass the frozen scope's stated implementation, correctness, performance, or evidence gate.",patching,One independent boundary; Build/Run support is a dependency.,No duplicate boundary found; related items are prerequisites or adjacent evidence.,Preserve frozen notes/reviews/evidence on predecessor; IDs: none extracted.,Frozen dependencies: RD50.,Rewrite forward references (2); preserve historical references (0) on predecessor.
RD52,RD89 reconciliation records RD52 as newly unblocked by completed RD50 but still pending with no patch.,"Close the recorded gap and pass the frozen scope's stated implementation, correctness, performance, or evidence gate.",patching,One independent boundary; Build/Run support is a dependency.,No duplicate boundary found; related items are prerequisites or adjacent evidence.,Preserve frozen notes/reviews/evidence on predecessor; IDs: none extracted.,Frozen dependencies: RD50.,Rewrite forward references (2); preserve historical references (0) on predecessor.
RD53,RD89 reconciliation records RD53 as newly unblocked by completed RD50 but still pending with no patch.,"Close the recorded gap and pass the frozen scope's stated implementation, correctness, performance, or evidence gate.",patching,One independent boundary; Build/Run support is a dependency.,No duplicate boundary found; related items are prerequisites or adjacent evidence.,"Preserve frozen notes/reviews/evidence on predecessor; IDs: RD50,RD51,RD52.",Frozen dependencies: RD50,RD51,RD52.,Rewrite forward references (4); preserve historical references (0) on predecessor.
RD55,RD89 reconciliation explicitly calls RD55 genuinely open with no patch and a real next candidate.,"Close the recorded gap and pass the frozen scope's stated implementation, correctness, performance, or evidence gate.",patching,One independent boundary; Build/Run support is a dependency.,No duplicate boundary found; related items are prerequisites or adjacent evidence.,Preserve frozen notes/reviews/evidence on predecessor; IDs: none extracted.,Frozen dependencies: none recorded.,Rewrite forward references (2); preserve historical references (0) on predecessor.
RD56,The frozen item retains executable implementation/qualification work and has no terminal completion or deprecation disposition in current lineage.,"Close the recorded gap and pass the frozen scope's stated implementation, correctness, performance, or evidence gate.",patching,One independent boundary; Build/Run support is a dependency.,No duplicate boundary found; related items are prerequisites or adjacent evidence.,Preserve frozen notes/reviews/evidence on predecessor; IDs: none extracted.,Frozen dependencies: none recorded.,Rewrite forward references (1); preserve historical references (0) on predecessor.
RD57,"Frozen RD57 retains a strategic third-backend lane scoping question; an unresolved scope decision is continuing planning work, not a terminal item.","Close the recorded gap and pass the frozen scope's stated implementation, correctness, performance, or evidence gate.",patching,One independent boundary; Build/Run support is a dependency.,No duplicate boundary found; related items are prerequisites or adjacent evidence.,Preserve frozen notes/reviews/evidence on predecessor; IDs: none extracted.,Frozen dependencies: none recorded.,Rewrite forward references (3); preserve historical references (0) on predecessor.
RD59,The frozen item retains executable implementation/qualification work and has no terminal completion or deprecation disposition in current lineage.,"Close the recorded gap and pass the frozen scope's stated implementation, correctness, performance, or evidence gate.",patching,One independent boundary; Build/Run support is a dependency.,No duplicate boundary found; related items are prerequisites or adjacent evidence.,Preserve frozen notes/reviews/evidence on predecessor; IDs: none extracted.,Frozen dependencies: none recorded.,Rewrite forward references (1); preserve historical references (0) on predecessor.
RD60,The frozen item retains executable implementation/qualification work and has no terminal completion or deprecation disposition in current lineage.,"Close the recorded gap and pass the frozen scope's stated implementation, correctness, performance, or evidence gate.",patching,One independent boundary; Build/Run support is a dependency.,No duplicate boundary found; related items are prerequisites or adjacent evidence.,Frozen notes/reviews/evidence remain on predecessor; IDs: none extracted.,Frozen dependencies: none recorded.,Rewrite forward references (1); preserve historical references (0) on predecessor.
RD61,The frozen item retains executable implementation/qualification work and has no terminal completion or deprecation disposition in current lineage.,"Close the recorded gap and pass the frozen scope's stated implementation, correctness, performance, or evidence gate.",patching,One independent boundary; Build/Run support is a dependency.,No duplicate boundary found; related items are prerequisites or adjacent evidence.,Preserve frozen notes/reviews/evidence on predecessor; IDs: none extracted.,Frozen dependencies: none recorded.,Rewrite forward references (2); preserve historical references (0) on predecessor.
RD62,NRO06 folded into RD62; implementation and qualification remain under this owner.,"Close the recorded gap and pass the frozen scope's stated implementation, correctness, performance, or evidence gate.",patching,One independent boundary; Build/Run support is a dependency.,No duplicate boundary found; related items are prerequisites or adjacent evidence.,Preserve frozen notes/reviews/evidence on predecessor; IDs: NRO06.,Frozen dependencies: none recorded.,Rewrite forward references (5); preserve historical references (1) on predecessor.
RD63,The frozen item retains executable implementation/qualification work and has no terminal completion or deprecation disposition in current lineage.,"Close the recorded gap and pass the frozen scope's stated implementation, correctness, performance, or evidence gate.",patching,One independent boundary; Build/Run support is a dependency.,No duplicate boundary found; related items are prerequisites or adjacent evidence.,Preserve frozen notes/reviews/evidence on predecessor; IDs: none extracted.,Frozen dependencies: none recorded.,Rewrite forward references (1); preserve historical references (0) on predecessor.
RD64,The frozen item retains executable implementation/qualification work and has no terminal completion or deprecation disposition in current lineage.,"Close the recorded gap and pass the frozen scope's stated implementation, correctness, performance, or evidence gate.",patching,One independent boundary; Build/Run support is a dependency.,No duplicate boundary found; related items are prerequisites or adjacent evidence.,Preserve frozen notes/reviews/evidence on predecessor; IDs: none extracted.,Frozen dependencies: none recorded.,Rewrite forward references (1); preserve historical references (0) on predecessor.
RD65,The frozen item retains executable implementation/qualification work and has no terminal completion or deprecation disposition in current lineage.,"Close the recorded gap and pass the frozen scope's stated implementation, correctness, performance, or evidence gate.",patching,One independent boundary; Build/Run support is a dependency.,No duplicate boundary found; related items are prerequisites or adjacent evidence.,Preserve frozen notes/reviews/evidence on predecessor; IDs: none extracted.,Frozen dependencies: none recorded.,Rewrite forward references (1); preserve historical references (0) on predecessor.
RD67,The frozen item retains executable implementation/qualification work and has no terminal completion or deprecation disposition in current lineage.,"Close the recorded gap and pass the frozen scope's stated implementation, correctness, performance, or evidence gate.",patching,One independent boundary; Build/Run support is a dependency.,No duplicate boundary found; related items are prerequisites or adjacent evidence.,Preserve frozen notes/reviews/evidence on predecessor; IDs: none extracted.,Frozen dependencies: none recorded.,Rewrite forward references (1); preserve historical references (0) on predecessor.
RD71,The frozen item retains executable implementation/qualification work and has no terminal completion or deprecation disposition in current lineage.,"Close the recorded gap and pass the frozen scope's stated implementation, correctness, performance, or evidence gate.",patching,One independent boundary; Build/Run support is a dependency.,No duplicate boundary found; related items are prerequisites or adjacent evidence.,Preserve frozen notes/reviews/evidence on predecessor; IDs: RD69.,Frozen dependencies: RD69,RD72.,Rewrite forward references (2); preserve historical references (1) on predecessor.
RD72,The frozen item retains executable implementation/qualification work and has no terminal completion or deprecation disposition in current lineage.,"Close the recorded gap and pass the frozen scope's stated implementation, correctness, performance, or evidence gate.",patching,One independent boundary; Build/Run support is a dependency.,No duplicate boundary found; related items are prerequisites or adjacent evidence.,Preserve frozen notes/reviews/evidence on predecessor; IDs: RD69.,Frozen dependencies: RD69,RD71.,Rewrite forward references (2); preserve historical references (1) on predecessor.
RD76,Matching upstream candidate identified; port and validation remain pending.,"Close the recorded gap and pass the frozen scope's stated implementation, correctness, performance, or evidence gate.",patching,One independent boundary; Build/Run support is a dependency.,No duplicate boundary found; related items are prerequisites or adjacent evidence.,"Preserve frozen notes/reviews/evidence on predecessor; IDs: RD69,RD73.","Frozen dependencies: RD69.",Rewrite forward references (3); preserve historical references (2) on predecessor.
RD77,The frozen item retains executable implementation/qualification work and has no terminal completion or deprecation disposition in current lineage.,"Close the recorded gap and pass the frozen scope's stated implementation, correctness, performance, or evidence gate.",patching,One independent boundary; Build/Run support is a dependency.,No duplicate boundary found; related items are prerequisites or adjacent evidence.,Preserve frozen notes/reviews/evidence on predecessor; IDs: none extracted.,Frozen dependencies: none recorded.,Rewrite forward references (1); preserve historical references (0) on predecessor.
RD78,The frozen item retains executable implementation/qualification work and has no terminal completion or deprecation disposition in current lineage.,"Close the recorded gap and pass the frozen scope's stated implementation, correctness, performance, or evidence gate.",patching,One independent boundary; Build/Run support is a dependency.,No duplicate boundary found; related items are prerequisites or adjacent evidence.,Preserve frozen notes/reviews/evidence on predecessor; IDs: none extracted.,Frozen dependencies: none recorded.,Rewrite forward references (1); preserve historical references (0) on predecessor.
RD79,The frozen item retains executable implementation/qualification work and has no terminal completion or deprecation disposition in current lineage.,"Close the recorded gap and pass the frozen scope's stated implementation, correctness, performance, or evidence gate.",patching,One independent boundary; Build/Run support is a dependency.,No duplicate boundary found; related items are prerequisites or adjacent evidence.,Preserve frozen notes/reviews/evidence on predecessor: none extracted.,Frozen dependencies: none recorded.,Rewrite forward references (1); preserve historical references (0) on predecessor.
RD80,The frozen item retains executable implementation/qualification work and has no terminal completion or deprecation disposition in current lineage.,"Close the recorded gap and pass the frozen scope's stated implementation, correctness, performance, or evidence gate.",patching,One independent boundary; Build/Run support is a dependency.,No duplicate boundary found; related items are prerequisites or adjacent evidence.,"Preserve frozen notes/reviews/evidence on predecessor; IDs: RD69.",Frozen dependencies: none recorded.,Rewrite forward references (3); preserve historical references (1) on predecessor.
RD81,RD89 reconciliation explicitly retains RD81 as pending research/strategic work with no patch.,"Close the recorded gap and pass the frozen scope's stated implementation, correctness, performance, or evidence gate.",patching,One independent boundary; Build/Run support is a dependency.,No duplicate boundary found; related items are prerequisites or adjacent evidence.,Preserve frozen notes/reviews/evidence on predecessor; IDs: none extracted.,Frozen dependencies: none recorded.,Rewrite forward references (1); preserve historical references (0) on predecessor.
RD82,The frozen item retains executable implementation/qualification work and has no terminal completion or deprecation disposition in current lineage.,"Close the recorded gap and pass the frozen scope's stated implementation, correctness, performance, or evidence gate.",patching,One independent boundary; Build/Run support is a dependency.,No duplicate boundary found; related items are prerequisites or adjacent evidence.,Preserve frozen notes/reviews/evidence on predecessor; IDs: none extracted.,Frozen dependencies: none recorded.,Rewrite forward references (1); preserve historical references (0) on predecessor.
RD83,The frozen item retains executable implementation/qualification work and has no terminal completion or deprecation disposition in current lineage.,"Close the recorded gap and pass the frozen scope's stated implementation, correctness, performance, or evidence gate.",patching,One independent boundary; Build/Run support is a dependency.,No duplicate boundary found; related items are prerequisites or adjacent evidence.,Preserve frozen notes/reviews/evidence on predecessor; IDs: none extracted.,Frozen dependencies: none recorded.,Rewrite forward references (2); preserve historical references (0) on predecessor.
RD84,The frozen item retains executable implementation/qualification work and has no terminal completion or deprecation disposition in current lineage.,"Close the recorded gap and pass the frozen scope's stated implementation, correctness, performance, or evidence gate.",patching,One independent boundary; Build/Run support is a dependency.,No duplicate boundary found; related items are prerequisites or adjacent evidence.,Preserve frozen notes/reviews/evidence on predecessor; IDs: none extracted.,Frozen dependencies: RD83.,Rewrite forward references (2); preserve historical references (0) on predecessor.
RD85,The frozen item retains executable implementation/qualification work and has no terminal completion or deprecation disposition in current lineage.,"Close the recorded gap and pass the frozen scope's stated implementation, correctness, performance, or evidence gate.",patching,One independent boundary; Build/Run support is a dependency.,No duplicate boundary found; related items are prerequisites or adjacent evidence.,Preserve frozen notes/reviews/evidence on predecessor; IDs: none extracted.,Frozen dependencies: none recorded.,Rewrite forward references (2); preserve historical references (0) on predecessor.
RD86,The frozen item retains executable implementation/qualification work and has no terminal completion or deprecation disposition in current lineage.,"Close the recorded gap and pass the frozen scope's stated implementation, correctness, performance, or evidence gate.",patching,One independent boundary; Build/Run support is a dependency.,No duplicate boundary found; related items are prerequisites or adjacent evidence.,Preserve frozen notes/reviews/evidence on predecessor; IDs: none extracted.,Frozen dependencies: RD85.,Rewrite forward references (2); preserve historical references (0) on predecessor.
RD88,RD89 reconciliation explicitly retains RD88 as pending research/strategic work with no patch.,"Close the recorded gap and pass the frozen scope's stated implementation, correctness, performance, or evidence gate.",patching,One independent boundary; Build/Run support is a dependency.,No duplicate boundary found; related items are prerequisites or adjacent evidence.,Preserve frozen notes/reviews/evidence on predecessor; IDs: none extracted.,Frozen dependencies: none recorded.,Rewrite forward references (1); preserve historical references (0) on predecessor.
RD89,"Explicit reference/reconciliation content, not a work item, with no acceptance criteria.",Closed/deprecated boundary; retain predecessor history; no successor.,patching,No second boundary; frozen scope is closed or deprecated.,No duplicate boundary found; related items are prerequisites or adjacent evidence.,"Preserve frozen notes/reviews/evidence on predecessor; IDs: EC13,EC15,HI162,NRO06,RD08,RD29,RD54,RD69+5.","Frozen dependencies: RD30,RD31,RD32,RD69,RD76.",Rewrite forward references (32); preserve historical references (13) on predecessor.
RD91,The frozen item retains executable implementation/qualification work and has no terminal completion or deprecation disposition in current lineage.,"Close the recorded gap and pass the frozen scope's stated implementation, correctness, performance, or evidence gate.",patching,One independent boundary; Build/Run support is a dependency.,No duplicate boundary found; related items are prerequisites or adjacent evidence.,Preserve frozen notes/reviews/evidence on predecessor; IDs: none extracted.,Frozen dependencies: none recorded.,Rewrite forward references (3); preserve historical references (0) on predecessor.
RD92,The frozen item retains executable implementation/qualification work and has no terminal completion or deprecation disposition in current lineage.,"Close the recorded gap and pass the frozen scope's stated implementation, correctness, performance, or evidence gate.",patching,One independent boundary; Build/Run support is a dependency.,No duplicate boundary found; related items are prerequisites or adjacent evidence.,Preserve frozen notes/reviews/evidence on predecessor; IDs: none extracted.,Frozen dependencies: none recorded.,Rewrite forward references (2); preserve historical references (0) on predecessor.
RD93,The frozen item retains executable implementation/qualification work and has no terminal completion or deprecation disposition in current lineage.,"Close the recorded gap and pass the frozen scope's stated implementation, correctness, performance, or evidence gate.",patching,One independent boundary; Build/Run support is a dependency.,No duplicate boundary found; related items are prerequisites or adjacent evidence.,Preserve frozen notes/reviews/evidence on predecessor; IDs: none extracted.,"Frozen dependencies: RD21,RD22.",Rewrite forward references (3); preserve historical references (0) on predecessor.
RD98,RD89 reconciliation explicitly identifies RD98 as a real open Q4_K MMVQ candidate with qualification still ahead.,"Close the recorded gap and pass the frozen scope's stated implementation, correctness, performance, or evidence gate.",patching,One independent boundary; Build/Run support is a dependency.,No duplicate boundary found; related items are prerequisites or adjacent evidence.,"Preserve frozen notes/reviews/evidence on predecessor; IDs: RD08,RD97.",Frozen dependencies: none recorded.,Rewrite forward references (1); preserve historical references (2) on predecessor.
RE30,"Stock Vulkan/scaffolding exists; record, tune, and replay phases have not started.","Close the recorded gap and pass the frozen scope's stated implementation, correctness, performance, or evidence gate.",tuning,One independent boundary; Build/Run support is a dependency.,No duplicate boundary found; related items are prerequisites or adjacent evidence.,"Preserve frozen notes/reviews/evidence on predecessor; IDs: EC15,RD08,RD69,RE38,RE41.",Frozen dependencies: RE32.,Rewrite forward references (9); preserve historical references (5) on predecessor.
RE31,The frozen reusable-build-campaign item remains active with implementation/acceptance work outstanding and no terminal disposition.,"Close the recorded gap and pass the frozen scope's stated implementation, correctness, performance, or evidence gate.",run,One independent boundary; Build/Run support is a dependency.,No duplicate boundary found; related items are prerequisites or adjacent evidence.,Preserve frozen notes/reviews/evidence on predecessor; IDs: none extracted.,Frozen dependencies: RE30.,Rewrite forward references (2); preserve historical references (0) on predecessor.
RE32,Capability ABI design and implementation remain.,"Close the recorded gap and pass the frozen scope's stated implementation, correctness, performance, or evidence gate.",tuning,One independent boundary; Build/Run support is a dependency.,No duplicate boundary found; related items are prerequisites or adjacent evidence.,Preserve frozen notes/reviews/evidence on predecessor; IDs: none extracted.,Frozen dependencies: none recorded.,Rewrite forward references (3); preserve historical references (0) on predecessor.
RE33,Real Vulkan device and ICD identity replacement remains planned.,"Close the recorded gap and pass the frozen scope's stated implementation, correctness, performance, or evidence gate.",run,One independent boundary; Build/Run support is a dependency.,No duplicate boundary found; related items are prerequisites or adjacent evidence.,"Preserve frozen notes/reviews/evidence on predecessor; IDs: EC01,EC05,EC15.","Frozen dependencies: RE30,RE31,RE32.",Rewrite forward references (4); preserve historical references (3) on predecessor.
RE34,The frozen reusable-build-campaign item remains active with implementation/acceptance work outstanding and no terminal disposition.,"Close the recorded gap and pass the frozen scope's stated implementation, correctness, performance, or evidence gate.",build,One independent boundary; Build/Run support is a dependency.,No duplicate boundary found; related items are prerequisites or adjacent evidence.,Preserve frozen notes/reviews/evidence on predecessor; IDs: RE23.,Frozen dependencies: none recorded.,Rewrite forward references (1); preserve historical references (1) on predecessor.
RE35,Work-root/upstream non-overlap guard remains unimplemented.,"Close the recorded gap and pass the frozen scope's stated implementation, correctness, performance, or evidence gate.",build,One independent boundary; Build/Run support is a dependency.,No duplicate boundary found; related items are prerequisites or adjacent evidence.,Preserve frozen notes/reviews/evidence on predecessor; IDs: RE23.,Frozen dependencies: none recorded.,Rewrite forward references (1); preserve historical references (1) on predecessor.
RE36,Forced Vulkan execution and telemetry remain blocked on RE30/RE32 foundations.,"Close the recorded gap and pass the frozen scope's stated implementation, correctness, performance, or evidence gate.",tuning,One independent boundary; Build/Run support is a dependency.,No duplicate boundary found; related items are prerequisites or adjacent evidence.,Preserve frozen notes/reviews/evidence on predecessor; IDs: none extracted.,Frozen dependencies: none recorded.,Rewrite forward references (3); preserve historical references (0) on predecessor.
RE37,The frozen reusable-build-campaign item remains active with implementation/acceptance work outstanding and no terminal disposition.,"Close the recorded gap and pass the frozen scope's stated implementation, correctness, performance, or evidence gate.",run,One independent boundary; Build/Run support is a dependency.,No duplicate boundary found; related items are prerequisites or adjacent evidence.,Preserve frozen notes/reviews/evidence on predecessor; IDs: RD87.,Frozen dependencies: RD87,RD88.,Rewrite forward references (2); preserve historical references (1) on predecessor.
RE39,The frozen reusable-build-campaign item remains active with implementation/acceptance work outstanding and no terminal disposition.,"Close the recorded gap and pass the frozen scope's stated implementation, correctness, performance, or evidence gate.",patching,One independent boundary; Build/Run support is a dependency.,No duplicate boundary found; related items are prerequisites or adjacent evidence.,"Preserve frozen notes/reviews/evidence on predecessor; IDs: RE38,RE41,RE47.",Frozen dependencies: VA26.,Rewrite forward references (4); preserve historical references (3) on predecessor.
RE40,Foundations landed but residual adoption and validation scope remains.,"Close the recorded gap and pass the frozen scope's stated implementation, correctness, performance, or evidence gate.",patching,One independent boundary; Build/Run support is a dependency.,No duplicate boundary found; related items are prerequisites or adjacent evidence.,"Preserve frozen notes/reviews/evidence on predecessor; IDs: CO01,HI73,RE47.",Frozen dependencies: RE42.,Rewrite forward references (3); preserve historical references (3) on predecessor.
RE42,Foundations landed but residual adoption and validation scope remains.,"Close the recorded gap and pass the frozen scope's stated implementation, correctness, performance, or evidence gate.",patching,One independent boundary; Build/Run support is a dependency.,No duplicate boundary found; related items are prerequisites or adjacent evidence.,Preserve frozen notes/reviews/evidence on predecessor; IDs: RE47.,"Frozen dependencies: RE39,RE40,RE47.",Rewrite forward references (5); preserve historical references (1) on predecessor.
RO02,Stack propagation work is pending; acceptance remains unchecked.,"Close the recorded gap and pass the frozen scope's stated implementation, correctness, performance, or evidence gate.",run,One independent boundary; Build/Run support is a dependency.,No duplicate boundary found; related items are prerequisites or adjacent evidence.,Preserve frozen notes/reviews/evidence on predecessor; IDs: RO01.,Frozen dependencies: RO01.,Rewrite forward references (1); preserve historical references (1) on predecessor.
RO03,Canonical backend identity/probing implementation is pending; acceptance is unchecked.,"Close the recorded gap and pass the frozen scope's stated implementation, correctness, performance, or evidence gate.",run,One independent boundary; Build/Run support is a dependency.,No duplicate boundary found; related items are prerequisites or adjacent evidence.,Preserve frozen notes/reviews/evidence on predecessor; IDs: none extracted.,Frozen dependencies: RO02.,Rewrite forward references (4); preserve historical references (0) on predecessor.
RO04,BuildPlan/cache stack-identity implementation is pending; acceptance is unchecked.,"Close the recorded gap and pass the frozen scope's stated implementation, correctness, performance, or evidence gate.",build,One independent boundary; Build/Run support is a dependency.,No duplicate boundary found; related items are prerequisites or adjacent evidence.,Preserve frozen notes/reviews/evidence on predecessor; IDs: none extracted.,Frozen dependencies: RO03.,Rewrite forward references (2); preserve historical references (0) on predecessor.
RO05,Actual-loaded runtime attestation implementation is pending.,"Close the recorded gap and pass the frozen scope's stated implementation, correctness, performance, or evidence gate.",run,One independent boundary; Build/Run support is a dependency.,No duplicate boundary found; related items are prerequisites or adjacent evidence.,Preserve frozen notes/reviews/evidence on predecessor; IDs: none extracted.,Frozen dependencies: RO04.,Rewrite forward references (5); preserve historical references (0) on predecessor.
RO06,Manifest/DB/run-identity migration and E2E lineage work are pending.,"Close the recorded gap and pass the frozen scope's stated implementation, correctness, performance, or evidence gate.",tuning,One independent boundary; Build/Run support is a dependency.,No duplicate boundary found; related items are prerequisites or adjacent evidence.,Preserve frozen notes/reviews/evidence on predecessor; IDs: none extracted.,Frozen dependencies: RO05.,Rewrite forward references (4); preserve historical references (0) on predecessor.
RO07,Provider discovery/completeness implementation is pending; closure is deferred to RO18.,"Close the recorded gap and pass the frozen scope's stated implementation, correctness, performance, or evidence gate.",tuning,One independent boundary; Build/Run support is a dependency.,No duplicate boundary found; related items are prerequisites or adjacent evidence.,Preserve frozen notes/reviews/evidence on predecessor; IDs: none extracted.,Frozen dependencies: RO06.,Rewrite forward references (6); preserve historical references (0) on predecessor.
RO08,Semantic BLAS-domain inventory and candidate-mode implementation are pending.,"Close the recorded gap and pass the frozen scope's stated implementation, correctness, performance, or evidence gate.",tuning,One independent boundary; Build/Run support is a dependency.,No duplicate boundary found; related items are prerequisites or adjacent evidence.,Preserve frozen notes/reviews/evidence on predecessor; IDs: none extracted.,Frozen dependencies: RO07.,Rewrite forward references (3); preserve historical references (0) on predecessor.
RO09,hipBLASLt vendor_auto route and correctness/force acceptance are pending.,"Close the recorded gap and pass the frozen scope's stated implementation, correctness, performance, or evidence gate.",tuning,One independent boundary; Build/Run support is a dependency.,No duplicate boundary found; related items are prerequisites or adjacent evidence.,Preserve frozen notes/reviews/evidence on predecessor; IDs: none extracted.,Frozen dependencies: RO10.,Rewrite forward references (2); preserve historical references (0) on predecessor.
RO10,"Explicit hipBLASLt algorithm selection still has unchecked acceptance for shared execution primitive, provider identity, and replay-safe fingerprinting.","Close the recorded gap and pass the frozen scope's stated implementation, correctness, performance, or evidence gate.",tuning,One independent boundary; Build/Run support is a dependency.,No duplicate boundary found; related items are prerequisites or adjacent evidence.,Preserve frozen notes/reviews/evidence on predecessor; IDs: none extracted.,Frozen dependencies: RO08.,Rewrite forward references (2); preserve historical references (0) on predecessor.
RO11,The provider-integration stage remains active and has no completed acceptance/retirement evidence in current lineage.,"Close the recorded gap and pass the frozen scope's stated implementation, correctness, performance, or evidence gate.",tuning,One independent boundary; Build/Run support is a dependency.,No duplicate boundary found; related items are prerequisites or adjacent evidence.,Preserve frozen notes/reviews/evidence on predecessor; IDs: none extracted.,Frozen dependencies: RO09.,Rewrite forward references (3); preserve historical references (0) on predecessor.
RO12,Exhaustive raw-HIP kernel audit/disposition artifact is pending.,"Close the recorded gap and pass the frozen scope's stated implementation, correctness, performance, or evidence gate.",tuning,One independent boundary; Build/Run support is a dependency.,No duplicate boundary found; related items are prerequisites or adjacent evidence.,Preserve frozen notes/reviews/evidence on predecessor; IDs: none extracted.,Frozen dependencies: RO11.,Rewrite forward references (3); preserve historical references (0) on predecessor.
RO13,CK dense GEMM provider integration and qualification are pending.,"Close the recorded gap and pass the frozen scope's stated implementation, correctness, performance, or evidence gate.",tuning,One independent boundary; Build/Run support is a dependency.,No duplicate boundary found; related items are prerequisites or adjacent evidence.,Preserve frozen notes/reviews/evidence on predecessor; IDs: none extracted.,Frozen dependencies: RO12.,Rewrite forward references (4); preserve historical references (0) on predecessor.
RO14,CK split-K/preshuffle/pipeline implementation and correctness matrix are pending.,"Close the recorded gap and pass the frozen scope's stated implementation, correctness, performance, or evidence gate.",tuning,One independent boundary; Build/Run support is a dependency.,No duplicate boundary found; related items are prerequisites or adjacent evidence.,Preserve frozen notes/reviews/evidence on predecessor; IDs: none extracted.,"Frozen dependencies: RO13,RO15.",Rewrite forward references (3); preserve historical references (0) on predecessor.
RO15,"Grouped-GEMM/MoE schema decision, implementation, and qualification are pending.","Close the recorded gap and pass the frozen scope's stated implementation, correctness, performance, or evidence gate.",tuning,One independent boundary; Build/Run support is a dependency.,No duplicate boundary found; related items are prerequisites or adjacent evidence.,"Preserve frozen notes/reviews/evidence on predecessor; IDs: EC16,EC19.","Frozen dependencies: EC16,RO13,RO14.",Rewrite forward references (4); preserve historical references (2) on predecessor.
RO16,Exact ROCm stack/provider qualification matrix is pending.,"Close the recorded gap and pass the frozen scope's stated implementation, correctness, performance, or evidence gate.",tuning,One independent boundary; Build/Run support is a dependency.,No duplicate boundary found; related items are prerequisites or adjacent evidence.,Preserve frozen notes/reviews/evidence on predecessor; IDs: none extracted.,"Frozen dependencies: RO13,RO14,RO15.",Rewrite forward references (4); preserve historical references (0) on predecessor.
RO17,Generic Vulkan runtime/candidate lifecycle integration is pending.,"Close the recorded gap and pass the frozen scope's stated implementation, correctness, performance, or evidence gate.",tuning,One independent boundary; Build/Run support is a dependency.,No duplicate boundary found; related items are prerequisites or adjacent evidence.,Preserve frozen notes/reviews/evidence on predecessor; IDs: none extracted.,Frozen dependencies: RO06.,Rewrite forward references (8); preserve historical references (0) on predecessor.
RO18,"Completeness, replay, and E2E lineage closure gates remain unchecked.","Close the recorded gap and pass the frozen scope's stated implementation, correctness, performance, or evidence gate.",tuning,One independent boundary; Build/Run support is a dependency.,No duplicate boundary found; related items are prerequisites or adjacent evidence.,Preserve frozen notes/reviews/evidence on predecessor; IDs: none extracted.,"Frozen dependencies: RO08,RO17.",Rewrite forward references (6); preserve historical references (0) on predecessor.
RO19,CM1 source capture/package provenance and static validation remain unchecked.,"Close the recorded gap and pass the frozen scope's stated implementation, correctness, performance, or evidence gate.",patching,One independent boundary; Build/Run support is a dependency.,No duplicate boundary found; related items are prerequisites or adjacent evidence.,Preserve frozen notes/reviews/evidence on predecessor; IDs: none extracted.,"Frozen dependencies: RE30,RO18.",Rewrite forward references (5); preserve historical references (0) on predecessor.
RO20,CM1 shader/capability integration and build/static acceptance remain unchecked.,"Close the recorded gap and pass the frozen scope's stated implementation, correctness, performance, or evidence gate.",patching,One independent boundary; Build/Run support is a dependency.,No duplicate boundary found; related items are prerequisites or adjacent evidence.,Preserve frozen notes/reviews/evidence on predecessor; IDs: RD08.,Frozen dependencies: RE32.,Rewrite forward references (4); preserve historical references (1) on predecessor.
RO21,CM1 force/telemetry/correctness implementation and acceptance remain unchecked.,"Close the recorded gap and pass the frozen scope's stated implementation, correctness, performance, or evidence gate.",tuning,One independent boundary; Build/Run support is a dependency.,No duplicate boundary found; related items are prerequisites or adjacent evidence.,Preserve frozen notes/reviews/evidence on predecessor; IDs: none extracted.,"Frozen dependencies: RE30,RE32,RE36.",Rewrite forward references (5); preserve historical references (0) on predecessor.
RO22,The provider-integration follow-up remains active and has no completed acceptance/retirement evidence in current lineage.,"Close the recorded gap and pass the frozen scope's stated implementation, correctness, performance, or evidence gate.",tuning,One independent boundary; Build/Run support is a dependency.,No duplicate boundary found; related items are prerequisites or adjacent evidence.,Preserve frozen notes/reviews/evidence on predecessor; IDs: RD08.,Frozen dependencies: none recorded.,Rewrite forward references (6); preserve historical references (1) on predecessor.
VA26,Frozen VA26 is an in-progress PQM-v1 implementation with multiple stated steps and acceptance gates still pending; it is not a completed matrix.,"Close the recorded gap and pass the frozen scope's stated implementation, correctness, performance, or evidence gate.",patching,One independent boundary; Build/Run support is a dependency.,No duplicate boundary found; related items are prerequisites or adjacent evidence.,"Preserve frozen notes/reviews/evidence on predecessor; IDs: RD08,RD73,VA25.","Frozen dependencies: RD08,VA25.",Rewrite forward references (4); preserve historical references (3) on predecessor.
